"variable","value","mean","median","sd","mad","q5","q95","rhat","ess_bulk","ess_tail","rmse"
"bXIc",0.1,-0.00019510667844822,-0.000621534774833294,0.048971588216394,0.0497673526041785,-0.0791405262215168,0.0799124039215343,1.00107235062298,6671.20210536916,6522.06821824796,0.11152119115973
"bXId[1]",1,-0.215816640287698,-0.212123781849304,0.358132120143745,0.354370200118018,-0.800036474140323,0.368645096194872,1.00518834593225,1368.16728418979,2659.94127526581,1.26745914567381
"bXId[2]",0,-0.148441921562207,-0.148275936577416,0.455388792429237,0.451415773789983,-0.898834160421078,0.602311070520096,1.00122153743264,3633.0802625804,4674.68983458045,0.478944708685883
"bXId[3]",-1,-0.405676686593287,-0.407706740216901,0.458631890240133,0.457994332174073,-1.15797438009643,0.35925532925736,1.00004081385569,3733.79192787241,5446.38584251205,0.750691094061085
"bZJd[1]",0,0.00991874409360163,0.0096283044725592,0.0473630870108169,0.0465706320357864,-0.0679576598277735,0.0874344131141045,1.00118587272877,1686.7504511245,3078.5472543302,0.0483876336251028
"bZJd[2]",0,-0.000966093267835094,-0.000800634514979956,0.0442244330013528,0.044636594572392,-0.0740752843365603,0.0717467868436017,1.00838959944685,1747.04269222633,2858.01443540803,0.0442322205573495
"bZJd[3]",0,-0.0118547852882433,-0.0118796264630519,0.0237366007694149,0.023326773338775,-0.050177311495984,0.0270123785266004,1.00174684155872,996.530098982853,1842.62683346175,0.0265309578047971
"bXId[2] - bXId[1]",-1,0.0673747187254908,0.0741026946967894,0.569602808466264,0.558637243714216,-0.871285721774677,1.00364182886161,1.00252827220971,2279.944200514,3645.28592780302,1.20983287840389
"bXId[3] - bXId[1]",-2,-0.189860046305589,-0.192680508369771,0.579928057008026,0.578734204073476,-1.12773522654601,0.781941957185537,1.00150782674154,2163.22028183881,4625.79032235923,1.90075804975199
"bXId[3] - bXId[2]",-1,-0.25723476503108,-0.255360467878783,0.633174735747895,0.644405090200406,-1.29869403232193,0.784136911429643,0.99996039060781,3748.64128404069,5102.98814863649,0.975991970503396
"bZJd[2] - bZJd[1]",0,-0.0108848373614367,-0.00967597062379352,0.0655361975787967,0.0643634639386775,-0.120029120314114,0.0967145901912422,1.005943090433,1709.51276932616,2565.27354629489,0.0664299330371698
"bZJd[3] - bZJd[1]",0,-0.0217735293818449,-0.0225240696515029,0.0522086899973233,0.0517639063686896,-0.107846310784087,0.0646866179698937,1.00192491021233,1613.79961146803,2846.81284572789,0.0565640625712542
"bZJd[3] - bZJd[2]",0,-0.0108886920204082,-0.0108890887069534,0.0497919339423911,0.0503121708078596,-0.0915522469110574,0.0714403907980915,1.00740456496707,1505.62431747642,2360.57775571091,0.0509655804936334
"sA[1]",0.2,2.37246700984448,2.37086327355276,0.0772502711373761,0.0774290896881382,2.24929634659833,2.50371243620374,1.00141693728392,8551.07742058715,5308.00593910476,2.68233834016005
"sI[1]",1.5,2.86590740239366,2.84179181103865,0.296458561885316,0.286425645217208,2.4226186837056,3.38478820480862,1.00164696468518,1912.58047983044,2566.58443676207,0.875879867166281
"sK[1]",0.1,0.349993288689847,0.349975153331491,0.00358217618401841,0.00360605357193499,0.344150246226782,0.355950293898441,1.00013232474446,10015.3547759005,5341.36447244442,0.0394437386375186
"sJ[1]",0.5,0.137076823086496,0.136022842251087,0.0134588391052616,0.0135434049462434,0.116771401745165,0.160682576311945,1.0013067707991,1513.53083041764,2383.79325401025,0.150049471242996
"TIA[1,1]",1.501,0,0,0,NA,0,0,NA,NA,NA,1.501
"TIA[1,2]",1.861,NA,NA,NA,NA,NA,NA,NA,NA,NA,NA
"TIA[1,3]",1.782,0.748845364778315,0.748845364778315,0.86933048432081,NA,-0.681076035376249,2.17876676493288,NA,NA,NA,1.33132802150701
"TIA[1,4]",1.885,-0.333225351009129,-0.333225351009129,0.811262157682689,NA,-1.66763285348198,1.00118215146372,NA,NA,NA,2.37088728942916
"TIA[1,5]",1.555,-0.140014670545146,-0.140014670545146,0.84440598151983,NA,-1.52893891186756,1.24890957077726,NA,NA,NA,1.88611895701136
"TIA[1,6]",1.667,0.675556705671798,0.675556705671798,0.851878504714086,NA,-0.725658742529163,2.07677215387276,NA,NA,NA,1.30710265025109
"TIA[1,7]",1.732,0.655532243976811,0.655532243976811,0.865435148185018,NA,-0.767981898406601,2.07904638636022,NA,NA,NA,1.372321723512
"TIA[1,8]",1.596,0.253877256415351,0.253877256415351,0.87526427472878,NA,-1.18580436041333,1.69355887324403,NA,NA,NA,1.59671424541905
"TIA[1,9]",2.056,1.41938730792949,1.41938730792949,0.989131749518304,NA,-0.207589637798552,3.04636425365752,NA,NA,NA,1.16367009304381
"TIA[1,10]",1.408,0.682841215743541,0.682841215743541,0.925872158034267,NA,-0.84008296149251,2.20576539297959,NA,NA,NA,1.1836914489892
"TIA[2,1]",-0.37,-1.29549205685343,-1.29549205685343,0.822169026611032,NA,-2.64783976224174,0.0568556485348901,NA,NA,NA,1.24695815855933
"TIA[2,2]",-0.172,-1.42408246498318,-1.42408246498318,0.835509770598849,NA,-2.79837374150609,-0.049791188460274,NA,NA,NA,1.51561422418515
"TIA[2,3]",-0.179,-1.16411034227808,-1.16411034227808,0.843936872365075,NA,-2.55226296770586,0.224042283149694,NA,NA,NA,1.29512307584041
"TIA[2,4]",-0.515,-3.46344162742261,-3.46344162742261,1.05414622167903,NA,-5.19735786348857,-1.72952539135666,NA,NA,NA,3.13835407105569
"TIA[2,5]",-0.341,NA,NA,NA,NA,NA,NA,NA,NA,NA,NA
"TIA[2,6]",-0.215,-0.969250766233467,-0.969250766233467,0.837608112106035,NA,-2.34699350739505,0.408491974928119,NA,NA,NA,1.13038631383383
"TIA[2,7]",-0.294,-2.59735459759314,-2.59735459759314,0.887706862187553,NA,-4.05750244953205,-1.13720674565423,NA,NA,NA,2.48789097516469
"TIA[2,8]",-0.375,-1.46208752408314,-1.46208752408314,0.814241206771526,NA,-2.80139512625463,-0.122779921911655,NA,NA,NA,1.35950116905242
"TIA[2,9]",-0.73,-2.44866264411525,-2.44866264411525,0.893794530749676,NA,-3.91882381976824,-0.978501468462257,NA,NA,NA,1.94204065073149
"TIA[2,10]",-0.375,-2.29647197233882,-2.29647197233882,0.855500335929159,NA,-3.70364480275011,-0.889299141927546,NA,NA,NA,2.12143400701131
"TIA[3,1]",-0.772,-2.43889681554868,-2.43889681554868,0.930257298129151,NA,-3.9690339063745,-0.908759724722874,NA,NA,NA,1.93056203045285
"TIA[3,2]",-0.473,-3.23452272570333,-3.23452272570333,1.01325192256187,NA,-4.90117382554477,-1.56787162586189,NA,NA,NA,2.94581414584973
"TIA[3,3]",-0.291,-3.22092032975157,-3.22092032975157,1.01146355521192,NA,-4.88462982707114,-1.55721083243201,NA,NA,NA,3.09700201898749
"TIA[3,4]",-0.618,-2.55335375686138,-2.55335375686138,0.918932770800641,NA,-4.06486365783738,-1.04184385588538,NA,NA,NA,2.13674118234784
"TIA[3,5]",-0.462,-2.04443529968138,-2.04443529968138,0.843093222594285,NA,-3.4312002447238,-0.657670354638968,NA,NA,NA,1.8044784496164
"TIA[3,6]",-0.459,NA,NA,NA,NA,NA,NA,NA,NA,NA,NA
"TIA[3,7]",-0.424,-2.0748722922176,-2.0748722922176,0.861604793243967,NA,-3.49208606138371,-0.657658523051488,NA,NA,NA,1.85105395560426
"TIA[3,8]",-0.603,-1.88172926935793,-1.88172926935793,0.838673369733314,NA,-3.26122420339138,-0.502234335324476,NA,NA,NA,1.53772730465723
"TIA[3,9]",-0.592,NA,NA,NA,NA,NA,NA,NA,NA,NA,NA
"TIA[3,10]",-0.354,-1.72947954553138,-1.72947954553138,0.857412678187701,NA,-3.13979789904259,-0.319161192020164,NA,NA,NA,1.62069625095563
"TIA[4,1]",1.034,-0.152849985240878,-0.152849985240878,0.833981990087797,NA,-1.524628286449,1.21892831596724,NA,NA,NA,1.45406687954167
"TIA[4,2]",1.055,-0.322366535683679,-0.322366535683679,0.849408768348981,NA,-1.71951962906688,1.07478655769952,NA,NA,NA,1.61611342186624
"TIA[4,3]",0.695,-1.55367424791935,-1.55367424791935,0.815859377217359,NA,-2.89564350361769,-0.211704992221003,NA,NA,NA,2.39710084508237
"TIA[4,4]",0.804,-0.527989672762788,-0.527989672762788,0.823636363927247,NA,-1.88275093325764,0.826771587732066,NA,NA,NA,1.57058853659229
"TIA[4,5]",0.676,-0.19705179161819,-0.19705179161819,0.823273484810824,NA,-1.55121616908225,1.15711258584587,NA,NA,NA,1.20195024985243
"TIA[4,6]",1.435,-0.525810331521017,-0.525810331521017,0.848106812584329,NA,-1.9208218982426,0.869201235200568,NA,NA,NA,2.14873606000876
"TIA[4,7]",1.249,-0.757436785219494,-0.757436785219494,0.816738716685287,NA,-2.10085242563098,0.585978855191991,NA,NA,NA,2.16362127623023
"TIA[4,8]",0.988,-1.12355248107659,-1.12355248107659,0.79332173238536,NA,-2.42845060993008,0.181345647776893,NA,NA,NA,2.24632804080469
"TIA[4,9]",1.02,0.47634918893989,0.47634918893989,0.836843382045358,NA,-0.900135683207753,1.85283406108753,NA,NA,NA,1.00202240829528
"TIA[4,10]",1.135,0.0691854513354585,0.0691854513354585,0.842586775486416,NA,-1.31674646234472,1.45511736501563,NA,NA,NA,1.34872821441298
"TIA[5,1]",-3.174,-33.6504159923596,-33.6504159923596,1227.2691168497,NA,-2052.32847408812,1985.0276421034,NA,NA,NA,1227.71308914355
"TIA[5,2]",-3.451,-20.1228828934627,-20.1228828934627,1117.59950011223,NA,-1858.41047413222,1818.1647083453,NA,NA,NA,1123.90188758362
"TIA[5,3]",-3.765,-19.0769635212068,-19.0769635212068,1169.66242927195,NA,-1943.00045261804,1904.84652557562,NA,NA,NA,1162.86357582986
"TIA[5,4]",-3.317,-3.0714134872101,-3.0714134872101,0.995138381330561,NA,-4.70827046306029,-1.43455651135991,NA,NA,NA,1.03739656678502
"TIA[5,5]",-3.347,-19.8013313581974,-19.8013313581974,1122.8485540691,NA,-1866.72284803597,1827.12018531957,NA,NA,NA,1133.18793189385
"TIA[5,6]",-3.092,-18.9006163305931,-18.9006163305931,754.843504935892,NA,-1260.50769320516,1222.70646054397,NA,NA,NA,753.986721003064
"TIA[5,7]",-3.124,-3.80606108708718,-3.80606108708718,1.22068102925495,NA,-5.81390270540805,-1.79821946876631,NA,NA,NA,1.39076897934757
"TIA[5,8]",-3.367,-4.96099190840971,-4.96099190840971,1.58522936249719,NA,-7.56846217486318,-2.35352164195625,NA,NA,NA,2.27690410858179
"TIA[5,9]",-3.66,-19.6918484669521,-19.6918484669521,1105.80468751907,NA,-1838.57869943264,1799.19500249874,NA,NA,NA,1119.04401829028
"TIA[5,10]",-3.455,-20.5961288038404,-20.5961288038404,1111.61569312891,NA,-1849.04123342311,1807.84897581543,NA,NA,NA,1118.68227754859
"TIA[6,1]",4.864,18.7837119435023,18.7837119435023,1121.76849978221,NA,-1826.36127352317,1863.92869741017,NA,NA,NA,1134.10854969514
"TIA[6,2]",4.709,2.5085162448158,2.5085162448158,1.30604332658422,NA,0.36026614212799,4.65676634750362,NA,NA,NA,2.5563271396849
"TIA[6,3]",4.903,3.35575069522176,3.35575069522176,1.49712960955371,NA,0.893191626930898,5.81830976351261,NA,NA,NA,2.16742380740435
"TIA[6,4]",4.584,2.64127565191596,2.64127565191596,1.13253582308138,NA,0.778419995668086,4.50413130816383,NA,NA,NA,2.25486675522454
"TIA[6,5]",4.995,3.87922435820621,3.87922435820621,1.51472119785047,NA,1.38772970210158,6.37071901431085,NA,NA,NA,1.8818680545921
"TIA[6,6]",4.932,17.5857632239027,17.5857632239027,1127.03629586259,NA,-1836.22397573163,1871.39550217943,NA,NA,NA,1126.44232005062
"TIA[6,7]",4.539,3.89188525422839,3.89188525422839,1.17984405319783,NA,1.95121448408881,5.83255602436796,NA,NA,NA,1.35002229141907
"TIA[6,8]",4.995,18.9298022158936,18.9298022158936,1102.80614050191,NA,-1795.02487781302,1832.88448224481,NA,NA,NA,1104.39663368685
"TIA[6,9]",4.828,2.16161133989907,2.16161133989907,1.21302503362484,NA,0.166362713758312,4.15685996603983,NA,NA,NA,2.92432141773327
"TIA[6,10]",4.463,2.93391937322437,2.93391937322437,1.41678583258367,NA,0.603514057885649,5.26432468856309,NA,NA,NA,2.06866747277004
"TIA[7,1]",-0.36,-1.80603983358816,-1.80603983358816,0.86580055497718,NA,-3.23015501665897,-0.381924650517345,NA,NA,NA,1.68792271011327
"TIA[7,2]",-0.073,-1.89604589001625,-1.89604589001625,0.898867112480034,NA,-3.37455072012643,-0.417541059906071,NA,NA,NA,2.02107274015888
"TIA[7,3]",0.3,-0.256676250414714,-0.256676250414714,0.824166731934239,NA,-1.61230988864949,1.09895738782006,NA,NA,NA,1.001278794669
"TIA[7,4]",0.169,-0.882631036468681,-0.882631036468681,0.804713068529644,NA,-2.20626624589491,0.441004172957551,NA,NA,NA,1.32523535322159
"TIA[7,5]",0.081,-1.32972201939121,-1.32972201939121,0.831359918656167,NA,-2.69718739689488,0.0377433581124715,NA,NA,NA,1.63968338229045
"TIA[7,6]",0.409,-0.936403220906098,-0.936403220906098,0.846377327974075,NA,-2.32857003859375,0.455763596781555,NA,NA,NA,1.59651864334097
"TIA[7,7]",0.364,0.0223830433793348,0.0223830433793348,0.843505849996609,NA,-1.36506061334237,1.40982670010104,NA,NA,NA,0.917534978074481
"TIA[7,8]",0.222,-1.54831762070669,-1.54831762070669,0.831230679557764,NA,-2.91557041881061,-0.181064822602761,NA,NA,NA,1.96113250879066
"TIA[7,9]",0.521,0.230166927179827,0.230166927179827,0.819902124726391,NA,-1.1184520564216,1.57878591078125,NA,NA,NA,0.876933045972417
"TIA[7,10]",0.374,-0.0357447514323231,-0.0357447514323231,0.827812531047523,NA,-1.39737519556172,1.32588569269707,NA,NA,NA,0.916488941769446
"TIA[8,1]",4.151,1.73593101395327,1.73593101395327,1.03964272727128,NA,0.0258709032673825,3.44599112463916,NA,NA,NA,2.62437277969208
"TIA[8,2]",3.513,2.35108063547832,2.35108063547832,1.02061044841341,NA,0.672325837700965,4.02983543325568,NA,NA,NA,1.5482092880037
"TIA[8,3]",3.415,1.05488714742513,1.05488714742513,0.906069302281246,NA,-0.435464230701566,2.54523852555183,NA,NA,NA,2.52857076037304
"TIA[8,4]",3.564,2.7592035669123,2.7592035669123,1.63647382062783,NA,0.0674436676414758,5.45096346618313,NA,NA,NA,1.8194104662263
"TIA[8,5]",3.655,2.54096227012117,2.54096227012117,1.10501716875201,NA,0.723370772255784,4.35855376798655,NA,NA,NA,1.58459800478718
"TIA[8,6]",3.187,2.3419057997094,2.3419057997094,1.03857010889207,NA,0.633609989254889,4.0502016101639,NA,NA,NA,1.33428567092363
"TIA[8,7]",3.717,0.736388352481453,0.736388352481453,0.881168814920443,NA,-0.713005368696969,2.18578207365987,NA,NA,NA,3.08742313291367
"TIA[8,8]",3.668,3.06333116493927,3.06333116493927,1.41314274493494,NA,0.738918195532875,5.38774413434566,NA,NA,NA,1.53887721495825
"TIA[8,9]",3.7,1.95467131027694,1.95467131027694,1.24213642300183,NA,-0.0884612902661557,3.99780391082003,NA,NA,NA,2.13403144227365
"TIA[8,10]",3.502,2.90378737797182,2.90378737797182,1.24473951961952,NA,0.856373064515816,4.95120169142783,NA,NA,NA,1.3661687140976
"TIA[9,1]",1.676,-0.271467609284673,-0.271467609284673,0.887585841578418,NA,-1.73141640003571,1.18848118146636,NA,NA,NA,2.13541663755826
"TIA[9,2]",1.841,0.380056499734437,0.380056499734437,0.858561481985813,NA,-1.03215146787076,1.79226446733963,NA,NA,NA,1.69834154305863
"TIA[9,3]",1.736,-0.0464727179000303,-0.0464727179000303,0.849067753792051,NA,-1.44306489225242,1.35011945645236,NA,NA,NA,1.97914704809721
"TIA[9,4]",1.542,0.155392203682246,0.155392203682246,0.808959668479871,NA,-1.17522804107433,1.48601244843882,NA,NA,NA,1.60610677089369
"TIA[9,5]",1.803,0.0549763230220513,0.0549763230220513,0.795095307024339,NA,-1.25283907650903,1.36279172255313,NA,NA,NA,1.92007217269411
"TIA[9,6]",1.809,0.629092935251765,0.629092935251765,0.863748711137564,NA,-0.791647265037517,2.04983313554105,NA,NA,NA,1.46182695370422
"TIA[9,7]",1.622,-0.538960036506576,-0.538960036506576,0.823847520702437,NA,-1.89406861898896,0.816148545975804,NA,NA,NA,2.32249127478438
"TIA[9,8]",1.73,0.105755954145235,0.105755954145235,0.831154352794864,NA,-1.2613712976059,1.47288320589637,NA,NA,NA,1.82139586575652
"TIA[9,9]",1.797,0.415012354796161,0.415012354796161,0.905894973987371,NA,-1.07505227880408,1.9050769883964,NA,NA,NA,1.65967405229989
"TIA[9,10]",1.499,0.431165700415064,0.431165700415064,0.842927351034232,NA,-0.95532641019019,1.81765781102032,NA,NA,NA,1.3684268770258
"TIA[10,1]",1.226,-0.510211260837143,-0.510211260837143,0.840467923157995,NA,-1.89265797257994,0.872235450905655,NA,NA,NA,1.93024835764865
"TIA[10,2]",1.503,-0.205588615600988,-0.205588615600988,0.815859509812473,NA,-1.54755808939889,1.13638085819691,NA,NA,NA,1.88101570917866
"TIA[10,3]",1.131,0.033399844457452,0.033399844457452,0.831473398846521,NA,-1.33425219134892,1.40105188026382,NA,NA,NA,1.38130663304792
"TIA[10,4]",1.187,0.639137896579202,0.639137896579202,0.862559706267245,NA,-0.779646564736672,2.05792235789508,NA,NA,NA,1.01612488624165
"TIA[10,5]",1.42,-1.56696265938609,-1.56696265938609,0.845538712033203,NA,-2.95775007660178,-0.176175242170402,NA,NA,NA,3.10118317491635
"TIA[10,6]",1.462,0.433984458791848,0.433984458791848,0.840999218527699,NA,-0.949336156066791,1.81730507365049,NA,NA,NA,1.3356405382778
"TIA[10,7]",1.534,-0.561252328075952,-0.561252328075952,0.862219165492655,NA,-1.97947664966362,0.856971993511713,NA,NA,NA,2.27740521474117
"TIA[10,8]",1.996,-0.0127143695451452,-0.0127143695451452,0.828210641771581,NA,-1.37499964754294,1.34957090845265,NA,NA,NA,2.17516318437625
"TIA[10,9]",1.329,-0.435058563308537,-0.435058563308537,0.816665859664641,NA,-1.77835436458536,0.908237237968288,NA,NA,NA,1.94144228439458
"TIA[10,10]",1.613,-0.162596882996686,-0.162596882996686,0.868055038568043,NA,-1.59042036157883,1.26522659558546,NA,NA,NA,1.97584254167803
"TIA[11,1]",1.019,-0.855486059537542,-0.855486059537542,0.833420282115501,NA,-2.22634043335014,0.515368314275058,NA,NA,NA,2.05565139708965
"TIA[11,2]",1.277,-0.0842265279113927,-0.0842265279113927,0.850861422428268,NA,-1.48376902462562,1.31531596880283,NA,NA,NA,1.61292119788233
"TIA[11,3]",1.165,-0.0437011861298439,-0.0437011861298439,0.842642289760113,NA,-1.42972441266446,1.34232204040477,NA,NA,NA,1.47531424696519
"TIA[11,4]",1.158,-0.105499312479456,-0.105499312479456,0.864222669250262,NA,-1.52701910448943,1.31602047953052,NA,NA,NA,1.50132982022318
"TIA[11,5]",1.418,-0.0952929767578292,-0.0952929767578292,0.838957133742504,NA,-1.475254661051,1.28466870753534,NA,NA,NA,1.73414029468679
"TIA[11,6]",1.317,1.14348432849993,1.14348432849993,0.952216816794233,NA,-0.422772956248254,2.7097416132481,NA,NA,NA,0.952672732624875
"TIA[11,7]",1.463,0.582310907519958,0.582310907519958,0.863479815935019,NA,-0.837986999520148,2.00260881456006,NA,NA,NA,1.23753423015148
"TIA[11,8]",1.393,0.988990255098954,0.988990255098954,0.881694298875425,NA,-0.461267810268725,2.43924832046663,NA,NA,NA,0.97590375173472
"TIA[11,9]",0.997,-1.10936992925799,-1.10936992925799,0.787382899198079,NA,-2.40449954680351,0.185759688287537,NA,NA,NA,2.23469753213137
"TIA[11,10]",0.91,-1.27299765367706,-1.27299765367706,0.829774353873424,NA,-2.63785500919707,0.0918597018429566,NA,NA,NA,2.33178691109837
"TIA[12,1]",-0.018,-1.98202785976573,-1.98202785976573,0.916529136995415,NA,-3.48958413495934,-0.474471584572123,NA,NA,NA,2.16853981231648
"TIA[12,2]",0.131,-1.85254299352311,-1.85254299352311,0.827654130700707,NA,-3.21391289226754,-0.491173094778685,NA,NA,NA,2.15128619196651
"TIA[12,3]",0.414,-1.55471470694028,-1.55471470694028,0.833102018224745,NA,-2.92504558323784,-0.184383830642716,NA,NA,NA,2.14792981722204
"TIA[12,4]",0.206,-0.988126930961734,-0.988126930961734,0.828809664478496,NA,-2.35139751363162,0.375143651708152,NA,NA,NA,1.45566799761356
"TIA[12,5]",0.746,0.943303643668038,0.943303643668038,0.861551081005081,NA,-0.473821776727131,2.36042906406321,NA,NA,NA,0.878760714911717
"TIA[12,6]",0.19,-1.70129167192699,-1.70129167192699,0.906070070380706,NA,-3.19164431346487,-0.210939030389108,NA,NA,NA,2.07532150666739
"TIA[12,7]",0.147,-1.14014534293073,-1.14014534293073,0.823655887336482,NA,-2.49493871657608,0.214648030714612,NA,NA,NA,1.53306674954741
"TIA[12,8]",0.248,-0.698855877828645,-0.698855877828645,0.845231843397838,NA,-2.08913854105646,0.691426785399166,NA,NA,NA,1.27318194952868
"TIA[12,9]",0.068,-1.96266714151968,-1.96266714151968,0.847438724363437,NA,-3.35657980090801,-0.568754482131357,NA,NA,NA,2.19085282776119
"TIA[12,10]",0.024,-0.417761710768491,-0.417761710768491,0.810599644267259,NA,-1.75107947564707,0.915556054110081,NA,NA,NA,0.918727170108248
"TIA[13,1]",0.857,0.2707348898832,0.2707348898832,0.839940618724984,NA,-1.11084448325045,1.65231426301685,NA,NA,NA,1.01655875501409
"TIA[13,2]",0.551,-0.592713047961536,-0.592713047961536,0.799569005938167,NA,-1.90788702737691,0.72246093145384,NA,NA,NA,1.41083235211763
"TIA[13,3]",0.964,-1.00155483410475,-1.00155483410475,0.867320372282956,NA,-2.42816989418327,0.425060225973767,NA,NA,NA,2.14589113890151
"TIA[13,4]",0.528,-1.14346640690023,-1.14346640690023,0.841574187842073,NA,-2.527732762121,0.240799948320545,NA,NA,NA,1.8590408447548
"TIA[13,5]",0.65,-2.34195515791567,-2.34195515791567,0.991821697116644,NA,-3.97335667370715,-0.710553642124198,NA,NA,NA,3.15469770693159
"TIA[13,6]",0.913,-0.0969394107432356,-0.0969394107432356,0.87898131135487,NA,-1.54273500874786,1.34885618726138,NA,NA,NA,1.34668545786128
"TIA[13,7]",0.748,-0.541729949734696,-0.541729949734696,0.800562073105199,NA,-1.85853737928157,0.775077479812179,NA,NA,NA,1.51659219584343
"TIA[13,8]",0.611,-1.85865270138675,-1.85865270138675,0.918840200484805,NA,-3.370010337743,-0.347295065030502,NA,NA,NA,2.64559651258093
"TIA[13,9]",0.327,-1.26819898565434,-1.26819898565434,0.832327117432327,NA,-2.63725526357297,0.100857292264288,NA,NA,NA,1.80707794641677
"TIA[13,10]",0.56,-0.921928125270899,-0.921928125270899,0.853858754297673,NA,-2.32640079418169,0.482544543639894,NA,NA,NA,1.7270741441932
"TIA[14,1]",1.11,-0.390400906744188,-0.390400906744188,0.828916412330136,NA,-1.75384707400501,0.973045260516637,NA,NA,NA,1.71050600331858
"TIA[14,2]",1.473,-0.314184577129368,-0.314184577129368,0.829175620159579,NA,-1.67805710332859,1.04968794906985,NA,NA,NA,1.97387740666826
"TIA[14,3]",1.098,1.94143258822781,1.94143258822781,1.03519636072112,NA,0.238686099688704,3.64417907676691,NA,NA,NA,1.33605299500884
"TIA[14,4]",1.573,-0.160768126247863,-0.160768126247863,0.89377231558509,NA,-1.63089276120681,1.30935650871109,NA,NA,NA,1.9391802853679
"TIA[14,5]",1.553,1.33943019713611,1.33943019713611,0.906010461820789,NA,-0.150824397045793,2.82968479131801,NA,NA,NA,0.935004484043427
"TIA[14,6]",1.4,-0.160492942085594,-0.160492942085594,0.825774361070118,NA,-1.51877089493531,1.19778501076412,NA,NA,NA,1.78118894858968
"TIA[14,7]",1.458,0.413832464366463,0.413832464366463,0.871051532452347,NA,-1.01891980804942,1.84658473678234,NA,NA,NA,1.37784711814996
"TIA[14,8]",1.433,-0.0525937385407194,-0.0525937385407194,0.856501440873078,NA,-1.46141324004996,1.35622576296853,NA,NA,NA,1.70629612348379
"TIA[14,9]",1.492,0.0172640709407991,0.0172640709407991,0.83841565998766,NA,-1.36180696828282,1.39633511016441,NA,NA,NA,1.70301860057397
"TIA[14,10]",1.194,-0.520266801382158,-0.520266801382158,0.777128407812686,NA,-1.79852928157988,0.75799567881556,NA,NA,NA,1.87611432434504
"TIA[15,1]",-0.447,-1.79922387551804,-1.79922387551804,0.83933500039917,NA,-3.17980709515193,-0.418640655884152,NA,NA,NA,1.58485574246228
"TIA[15,2]",0.038,-1.34881828165735,-1.34881828165735,0.825048459466131,NA,-2.70590223262094,0.00826566930623884,NA,NA,NA,1.62360923249263
"TIA[15,3]",-0.529,-2.24276353523558,-2.24276353523558,0.947134396471272,NA,-3.80066098248184,-0.684866087989315,NA,NA,NA,1.9541916332873
"TIA[15,4]",-0.453,-3.12611968649464,-3.12611968649464,0.997982207724745,NA,-4.76765434050373,-1.48458503248556,NA,NA,NA,2.84268494502376
"TIA[15,5]",-0.398,-2.11565232049376,-2.11565232049376,0.902846025328244,NA,-3.60070187983364,-0.630602761153873,NA,NA,NA,1.92829643687603
"TIA[15,6]",-0.475,-3.25963921083742,-3.25963921083742,1.0078720830076,NA,-4.91744126207561,-1.60183715959923,NA,NA,NA,2.95718448779441
"TIA[15,7]",-0.172,-1.85421319689713,-1.85421319689713,0.838125197716181,NA,-3.23280646820001,-0.475619925594252,NA,NA,NA,1.88155320827263
"TIA[15,8]",-0.574,-4.32148628200562,-4.32148628200562,1.59840178839342,NA,-6.95062326097025,-1.69234930304099,NA,NA,NA,4.0752671041077
"TIA[15,9]",-0.496,-1.61225773062041,-1.61225773062041,0.819846742958928,NA,-2.96078561932076,-0.26372984192007,NA,NA,NA,1.38092761507897
"TIA[15,10]",-0.462,-1.75609807430387,-1.75609807430387,0.847489188202549,NA,-3.15009373932099,-0.36210240928675,NA,NA,NA,1.5501033160207
"TIA[16,1]",-0.247,-1.22365381266621,-1.22365381266621,0.86765105070994,NA,-2.65081279035471,0.203505165022295,NA,NA,NA,1.30663657411232
"TIA[16,2]",-0.751,-1.96197532285192,-1.96197532285192,0.847946846044104,NA,-3.35672376802963,-0.567226877674214,NA,NA,NA,1.47278108507717
"TIA[16,3]",-0.874,-2.050398069819,-2.050398069819,0.876033069230021,NA,-3.49134424107144,-0.609451898566574,NA,NA,NA,1.46813027757379
"TIA[16,4]",-0.456,-2.65974911442163,-2.65974911442163,0.894162086735473,NA,-4.13051486587097,-1.18898336297229,NA,NA,NA,2.34914041032155
"TIA[16,5]",-0.601,-1.98018356629831,-1.98018356629831,0.874308481569661,NA,-3.41829304328261,-0.542074089314024,NA,NA,NA,1.63818974805349
"TIA[16,6]",-0.424,-1.1396207237822,-1.1396207237822,0.814271061854899,NA,-2.47897743319586,0.199735985631456,NA,NA,NA,1.0795333813479
"TIA[16,7]",-0.673,-3.28477653597238,-3.28477653597238,1.23885062871201,NA,-5.32250448586044,-1.24704858608433,NA,NA,NA,2.88466788598962
"TIA[16,8]",-0.538,-2.17243766138944,-2.17243766138944,0.841601510546679,NA,-3.55674895845998,-0.788126364318894,NA,NA,NA,1.84393232437039
"TIA[16,9]",-0.462,-1.27087866343146,-1.27087866343146,0.789055385387873,NA,-2.5687592759523,0.0270019490893698,NA,NA,NA,1.13189330951217
"TIA[16,10]",-0.874,-1.40799042991652,-1.40799042991652,0.86025848498546,NA,-2.82298971906063,0.0070088592275952,NA,NA,NA,1.00809282650782
"TIA[17,1]",1.87,-0.493707369878103,-0.493707369878103,0.834572910620158,NA,-1.86645764886712,0.87904290911091,NA,NA,NA,2.50122557772808
"TIA[17,2]",1.197,-0.207408482799523,-0.207408482799523,0.917406153527026,NA,-1.71640732181605,1.301590356217,NA,NA,NA,1.67242543289946
"TIA[17,3]",1.133,-0.581896807175697,-0.581896807175697,0.807845079110386,NA,-1.91068371556531,0.746890101213921,NA,NA,NA,1.91012303074371
"TIA[17,4]",1.225,-1.14371946471171,-1.14371946471171,0.834773970764205,NA,-2.51680045820789,0.229361528784479,NA,NA,NA,2.52446852137901
"TIA[17,5]",1.381,NA,NA,NA,NA,NA,NA,NA,NA,NA,NA
"TIA[17,6]",1.243,-0.674732644135819,-0.674732644135819,0.842888189265947,NA,-2.06116033936447,0.711695051092831,NA,NA,NA,2.09345782373251
"TIA[17,7]",1.269,0.337130717473849,0.337130717473849,0.86331459432545,NA,-1.08289542420251,1.7571568591502,NA,NA,NA,1.26022746777271
"TIA[17,8]",1.423,0.464607610572802,0.464607610572802,0.824788366776141,NA,-0.892048525986314,1.82126374713192,NA,NA,NA,1.25509894502708
"TIA[17,9]",1.251,-0.881004244762778,-0.881004244762778,0.851248915167338,NA,-2.28118411031428,0.519175620788723,NA,NA,NA,2.29947029576781
"TIA[17,10]",1.373,-0.562674751618538,-0.562674751618538,0.865556878038813,NA,-1.98638912179347,0.861039618556395,NA,NA,NA,2.11562554649831
"TIA[18,1]",2.166,0.813324056268087,0.813324056268087,0.839751615546194,NA,-0.567944434301429,2.1945925468376,NA,NA,NA,1.59835143563909
"TIA[18,2]",1.932,0.0047370037377885,0.0047370037377885,0.843800818707871,NA,-1.38319183333848,1.39266584081405,NA,NA,NA,2.07853470073893
"TIA[18,3]",2.067,1.11933042317375,1.11933042317375,0.878989935513759,NA,-0.326479360309895,2.5651402066574,NA,NA,NA,1.2790837547275
"TIA[18,4]",2.111,4.34101779485483,4.34101779485483,1.47984908040559,NA,1.90688266760888,6.77515292210077,NA,NA,NA,2.70162826490891
"TIA[18,5]",1.985,-0.0887023082972525,-0.0887023082972525,0.831945462976971,NA,-1.45713082050075,1.27972620390624,NA,NA,NA,2.22604006171833
"TIA[18,6]",2.067,0.0981226119575311,0.0981226119575311,0.823759398096724,NA,-1.25684102173723,1.45308624565229,NA,NA,NA,2.13922961652096
"TIA[18,7]",2.037,1.41203010594778,1.41203010594778,0.953408999550927,NA,-0.15618814493174,2.98024835682729,NA,NA,NA,1.13937928296211
"TIA[18,8]",2.327,1.05042116435631,1.05042116435631,0.894786226188879,NA,-0.421371205136692,2.5222135338493,NA,NA,NA,1.57013020474128
"TIA[18,9]",1.923,0.324895344047515,0.324895344047515,0.859256876548144,NA,-1.08845644582569,1.73824713392072,NA,NA,NA,1.82847711360898
"TIA[18,10]",2.195,0.510172356818373,0.510172356818373,0.865955107558573,NA,-0.914197042626499,1.93454175626324,NA,NA,NA,1.90396946075054
"TIA[19,1]",0.739,-0.65094795114278,-0.65094795114278,0.820744276870032,NA,-2.00095215175211,0.699056249466555,NA,NA,NA,1.61616964675174
"TIA[19,2]",1.222,-0.344449792949962,-0.344449792949962,0.845919344583664,NA,-1.73586329499681,1.04696370909689,NA,NA,NA,1.78819192108704
"TIA[19,3]",1.073,-1.0294550795772,-1.0294550795772,0.832208405261832,NA,-2.39831609335162,0.339405934197227,NA,NA,NA,2.25705102002672
"TIA[19,4]",0.913,-0.582203682918643,-0.582203682918643,0.838598275192007,NA,-1.96157509742346,0.797167731586177,NA,NA,NA,1.72673339028024
"TIA[19,5]",0.759,-0.919666604533714,-0.919666604533714,0.848383073890918,NA,-2.31513258066743,0.475799371600001,NA,NA,NA,1.8742895580321
"TIA[19,6]",0.957,0.115347105094223,0.115347105094223,0.852184223319896,NA,-1.28637120546433,1.51706541565278,NA,NA,NA,1.19628612585807
"TIA[19,7]",0.811,-0.219391813441514,-0.219391813441514,0.855582567454239,NA,-1.62669990267507,1.18791627579204,NA,NA,NA,1.34990371918168
"TIA[19,8]",0.996,0.682525076657842,0.682525076657842,0.922747297147272,NA,-0.835259161814517,2.2003093151302,NA,NA,NA,0.978502849387074
"TIA[19,9]",0.879,0.577158595884522,0.577158595884522,0.829751402538934,NA,-0.787661008049716,1.94197819981876,NA,NA,NA,0.870684957972849
"TIA[19,10]",0.849,-1.46227648037795,-1.46227648037795,0.877770963729033,NA,-2.90608123370033,-0.0184717270555574,NA,NA,NA,2.47835970140761
"TIA[20,1]",-0.198,-1.90479090259192,-1.90479090259192,0.925646816927855,NA,-3.42734442669179,-0.382237378492055,NA,NA,NA,1.93592448731992
"TIA[20,2]",0.102,-1.44418413948403,-1.44418413948403,0.839439704490198,NA,-2.8249395820218,-0.0634286969462536,NA,NA,NA,1.75868108905356
"TIA[20,3]",0.25,-1.4949236177738,-1.4949236177738,0.882779863845863,NA,-2.9469672786204,-0.0428799569272078,NA,NA,NA,1.96643680849799
"TIA[20,4]",0.16,0.41960060161067,0.41960060161067,0.898406897193351,NA,-1.05814724171603,1.89734844493737,NA,NA,NA,0.937892409711374
"TIA[20,5]",-0.116,-1.16741324433949,-1.16741324433949,0.800934264126522,NA,-2.48483287363771,0.150006384958729,NA,NA,NA,1.32003255679166
"TIA[20,6]",-0.192,-1.33478924756602,-1.33478924756602,0.834236292632828,NA,-2.70698583923768,0.0374073441056362,NA,NA,NA,1.42476391575934
"TIA[20,7]",-0.117,-0.0848093940822129,-0.0848093940822129,0.85759660018845,NA,-1.49543027236344,1.32581148419901,NA,NA,NA,0.862212854775714
"TIA[20,8]",0.017,-1.66222254794472,-1.66222254794472,0.850921500229852,NA,-3.06186386384878,-0.262581232040664,NA,NA,NA,1.89920099385643
"TIA[20,9]",0.363,-1.2684956822604,-1.2684956822604,0.805997594579894,NA,-2.5942437490193,0.0572523844984993,NA,NA,NA,1.82146430281567
"TIA[20,10]",0.214,-0.632777691088495,-0.632777691088495,0.824806686173291,NA,-1.98946396037446,0.723908578197468,NA,NA,NA,1.17645881388514
"TIA[21,1]",-2.079,-3.85688321949334,-3.85688321949334,1.02985902441384,NA,-5.55085057104915,-2.16291586793753,NA,NA,NA,2.0421058822608
"TIA[21,2]",-1.812,-2.27311958323464,-2.27311958323464,0.911774436626643,NA,-3.77285507228161,-0.773384094187672,NA,NA,NA,1.02946957636293
"TIA[21,3]",-1.402,-1.907945669947,-1.907945669947,0.817163020561636,NA,-3.25205922812843,-0.563832111765571,NA,NA,NA,0.96993640037538
"TIA[21,4]",-1.712,-1.88162261256999,-1.88162261256999,0.839878334869229,NA,-3.2630995378776,-0.500145687262376,NA,NA,NA,0.859246406276421
"TIA[21,5]",-1.781,-19.6080850284139,-19.6080850284139,1243.47881984673,NA,-2064.94873189065,2025.73256183382,NA,NA,NA,1237.94687614503
"TIA[21,6]",-1.437,-1.90537185688387,-1.90537185688387,0.849668243044935,NA,-3.30295174816181,-0.50779196560592,NA,NA,NA,0.964821740989487
"TIA[21,7]",-1.647,-4.0974242908501,-4.0974242908501,1.26085221483258,NA,-6.17134162946727,-2.02350695223293,NA,NA,NA,2.76761343211433
"TIA[21,8]",-1.568,-2.30352420786856,-2.30352420786856,0.900938322407403,NA,-3.78543587513995,-0.821612540597165,NA,NA,NA,1.15822763783832
"TIA[21,9]",-1.678,-2.04410759858891,-2.04410759858891,0.822897385448859,NA,-3.39765334765335,-0.690561849524473,NA,NA,NA,0.907388109853515
"TIA[21,10]",-1.456,-2.22791230226111,-2.22791230226111,0.912859784096486,NA,-3.72943302903036,-0.72639157549187,NA,NA,NA,1.18913125938568
"TIA[22,1]",-1.097,-2.2043398334137,-2.2043398334137,0.859018813213102,NA,-3.61730004394682,-0.791379622880579,NA,NA,NA,1.39991212638723
"TIA[22,2]",-1.188,-2.97365876973324,-2.97365876973324,1.01431953821243,NA,-4.6420659410497,-1.30525159841678,NA,NA,NA,2.05593107950469
"TIA[22,3]",-1.422,-3.63204480812446,-3.63204480812446,1.04520150201527,NA,-5.35124828960941,-1.91284132663951,NA,NA,NA,2.44093601768118
"TIA[22,4]",-1.256,-2.50152320421225,-2.50152320421225,0.841065407690796,NA,-3.88495269055587,-1.11809371786862,NA,NA,NA,1.50581606362793
"TIA[22,5]",-1.268,-2.13349194610853,-2.13349194610853,0.950750892336502,NA,-3.69733799969558,-0.56964589252149,NA,NA,NA,1.28657762908952
"TIA[22,6]",-1.095,-1.94135381831721,-1.94135381831721,0.861066475992135,NA,-3.3576821343992,-0.525025502235223,NA,NA,NA,1.20647769784859
"TIA[22,7]",-1.343,-1.93909505072614,-1.93909505072614,0.842503142482181,NA,-3.32488940035597,-0.553300701096309,NA,NA,NA,1.02273478869548
"TIA[22,8]",-1.049,-0.532797143313603,-0.532797143313603,0.809755226440721,NA,-1.86472596446753,0.799131677840327,NA,NA,NA,0.959001258704285
"TIA[22,9]",-1.557,-2.16858554633009,-2.16858554633009,0.946393392099329,NA,-3.72526414984758,-0.611906942812604,NA,NA,NA,1.13032700967675
"TIA[22,10]",-1.275,-3.33247831261509,-3.33247831261509,1.26757388187551,NA,-5.41745180964697,-1.2475048155832,NA,NA,NA,2.41215004321325
"TIA[23,1]",0.429,-0.870638294502198,-0.870638294502198,0.829947834279642,NA,-2.23578099989759,0.49450441089319,NA,NA,NA,1.54657382052879
"TIA[23,2]",0.343,-0.340854559457756,-0.340854559457756,0.8421321460816,NA,-1.7260386743125,1.04432955539699,NA,NA,NA,1.06755077691365
"TIA[23,3]",0.399,-1.41996568467357,-1.41996568467357,0.821999412810554,NA,-2.77203440018699,-0.067896969160145,NA,NA,NA,1.99925154044536
"TIA[23,4]",0.234,-1.16601968668381,-1.16601968668381,0.817113439131109,NA,-2.51005169066941,0.178012317301781,NA,NA,NA,1.63191719579665
"TIA[23,5]",0.094,-0.599354075151422,-0.599354075151422,0.796713231216326,NA,-1.90983072315782,0.711122572854977,NA,NA,NA,1.06662440630124
"TIA[23,6]",0.679,-0.869021973072811,-0.869021973072811,0.811268653899371,NA,-2.20344016087123,0.465396214725606,NA,NA,NA,1.75482790925329
"TIA[23,7]",0.023,-0.794289878037096,-0.794289878037096,0.774523421925974,NA,-2.0682675377509,0.479687781676708,NA,NA,NA,1.12198888180965
"TIA[23,8]",0.04,-1.99770079513487,-1.99770079513487,0.85606456638467,NA,-3.40580170205734,-0.58959988821241,NA,NA,NA,2.20818654573459
"TIA[23,9]",0.323,-0.885325167954178,-0.885325167954178,0.816765436095388,NA,-2.22878475788428,0.458134421975922,NA,NA,NA,1.44781908056851
"TIA[23,10]",0.443,-2.03076038008208,-2.03076038008208,0.852685303916362,NA,-3.43330289487713,-0.628217865287036,NA,NA,NA,2.61461423886296
"TIA[24,1]",0.443,-0.857769175324504,-0.857769175324504,0.822787126719981,NA,-2.21113356491885,0.495595214269836,NA,NA,NA,1.53969952361811
"TIA[24,2]",0.8,0.564293137157407,0.564293137157407,0.882822813856092,NA,-0.887821170169291,2.0164074444841,NA,NA,NA,0.908996482903261
"TIA[24,3]",0.252,-1.39338914015302,-1.39338914015302,0.836483490052648,NA,-2.76928204265115,-0.017496237654901,NA,NA,NA,1.84738318605465
"TIA[24,4]",0.738,-0.347871450920527,-0.347871450920527,0.837937010992935,NA,-1.72615518260913,1.03041228076808,NA,NA,NA,1.37182438791749
"TIA[24,5]",0.226,-2.42180086776408,-2.42180086776408,0.88353336707154,NA,-3.87508393112435,-0.968517804403813,NA,NA,NA,2.79188289019565
"TIA[24,6]",0.23,-0.977439688512624,-0.977439688512624,0.804520051977919,NA,-2.30075741396369,0.345878036938443,NA,NA,NA,1.42659994841853
"TIA[24,7]",0.612,-1.88151978925593,-1.88151978925593,0.878928183912154,NA,-3.32722800039371,-0.435811578118156,NA,NA,NA,2.62681601523388
"TIA[24,8]",0.363,-0.70626272334343,-0.70626272334343,0.853754017477795,NA,-2.11056311551617,0.69803766882931,NA,NA,NA,1.3694528858168
"TIA[24,9]",0.513,0.662771440567781,0.662771440567781,0.932719458337562,NA,-0.87141554340697,2.19695842454253,NA,NA,NA,0.929037815524157
"TIA[24,10]",0.784,-0.922685329496633,-0.922685329496633,0.879494846341036,NA,-2.36932561738581,0.523954958392547,NA,NA,NA,1.91986682389001
"TIA[25,1]",1.441,-0.202044229246633,-0.202044229246633,0.894551138706753,NA,-1.673449914242,1.26936145574874,NA,NA,NA,1.8783747636853
"TIA[25,2]",0.883,-0.625148763474093,-0.625148763474093,0.811543114313003,NA,-1.96001839847933,0.709720871531142,NA,NA,NA,1.72019691128516
"TIA[25,3]",1.481,-1.23065551423011,-1.23065551423011,0.882588845424863,NA,-2.68238497773411,0.221073949273888,NA,NA,NA,2.86501216928303
"TIA[25,4]",1.015,-0.365601331278651,-0.365601331278651,0.830413787016638,NA,-1.73151046072348,1.00030779816617,NA,NA,NA,1.61002425332424
"TIA[25,5]",1.502,0.206862897112712,0.206862897112712,0.819147108829515,NA,-1.14051419585233,1.55423999007775,NA,NA,NA,1.53706891456016
"TIA[25,6]",1.331,0.207346422484527,0.207346422484527,0.900826570874086,NA,-1.27438142987197,1.68907427484102,NA,NA,NA,1.43890682102514
"TIA[25,7]",0.984,0.494280372518986,0.494280372518986,0.87303485046186,NA,-0.941734167718241,1.93029491275621,NA,NA,NA,1.01874370939209
"TIA[25,8]",1.138,-0.148741663910628,-0.148741663910628,0.818370872716824,NA,-1.49484196209034,1.19735863426908,NA,NA,NA,1.52975729312381
"TIA[25,9]",1.191,-0.139522339052936,-0.139522339052936,0.800385818276269,NA,-1.45603985520518,1.17699517709931,NA,NA,NA,1.5521649567876
"TIA[25,10]",1.043,-0.512024221505248,-0.512024221505248,0.838706267132626,NA,-1.89157326694528,0.867524823934781,NA,NA,NA,1.76970744197556
"TIA[26,1]",-1.081,-2.23829998216281,-2.23829998216281,0.885847107625204,NA,-3.6953888100646,-0.781211154261027,NA,NA,NA,1.46229448934821
"TIA[26,2]",-0.898,-2.48917258086256,-2.48917258086256,0.86760514680514,NA,-3.91625605334676,-1.06208910837836,NA,NA,NA,1.81251890901213
"TIA[26,3]",-1.056,-2.27726312942275,-2.27726312942275,0.882205573191684,NA,-3.72836216620389,-0.826164092641606,NA,NA,NA,1.49645973022669
"TIA[26,4]",-1.065,-2.7157527357741,-2.7157527357741,0.923239308665807,NA,-4.23434626117722,-1.19715921037098,NA,NA,NA,1.89504892027716
"TIA[26,5]",-0.756,-2.17635802233287,-2.17635802233287,0.85434669033458,NA,-3.58163327460369,-0.771082770062047,NA,NA,NA,1.6678656031902
"TIA[26,6]",-1.039,-3.4830306170702,-3.4830306170702,1.04372789353065,NA,-5.19981022829451,-1.7662510058459,NA,NA,NA,2.64401539309843
"TIA[26,7]",-0.847,-3.08608083814883,-3.08608083814883,1.02584651197286,NA,-4.7734481940629,-1.39871348223476,NA,NA,NA,2.45064888608181
"TIA[26,8]",-0.659,-1.37351639375307,-1.37351639375307,0.812692666123311,NA,-2.71027687322286,-0.0367559142832783,NA,NA,NA,1.08592287692361
"TIA[26,9]",-1.309,-1.86767421737842,-1.86767421737842,0.857461204400593,NA,-3.27807238940692,-0.45727604534993,NA,NA,NA,1.01075967013109
"TIA[26,10]",-0.851,-2.11003980684121,-2.11003980684121,0.896324831221907,NA,-3.58436295640323,-0.635716657279188,NA,NA,NA,1.54488942068926
"TIA[27,1]",-1.325,-2.91257006804633,-2.91257006804633,0.96245498861226,NA,-4.49566764684275,-1.32947248924992,NA,NA,NA,1.85626112596836
"TIA[27,2]",-0.94,-1.74404518491345,-1.74404518491345,0.860922165259597,NA,-3.16013613096361,-0.327954238863287,NA,NA,NA,1.18655816765369
"TIA[27,3]",-1.04,-2.3626980174055,-2.3626980174055,0.858899635507026,NA,-3.77546219805653,-0.949933836754475,NA,NA,NA,1.58407742406291
"TIA[27,4]",-1.051,-3.31569111650193,-3.31569111650193,1.0365939656347,NA,-5.02073646055217,-1.61064577245168,NA,NA,NA,2.5038386740595
"TIA[27,5]",-1.052,-1.64743769413395,-1.64743769413395,0.832361721602245,NA,-3.01655089084697,-0.278324497420921,NA,NA,NA,1.01911749349066
"TIA[27,6]",-1.432,-2.69130110738988,-2.69130110738988,0.992874976960347,NA,-4.32443511435247,-1.0581671004273,NA,NA,NA,1.61047927105976
"TIA[27,7]",-0.666,-2.39149405818632,-2.39149405818632,0.881274018229372,NA,-3.841060823409,-0.941927292963637,NA,NA,NA,1.95055729748614
"TIA[27,8]",-0.865,-1.52386696041512,-1.52386696041512,0.869389636915755,NA,-2.95388565793003,-0.0938482629002226,NA,NA,NA,1.09204568980853
"TIA[27,9]",-1.357,-2.50835662888719,-2.50835662888719,0.9143316562321,NA,-4.01229836987711,-1.00441488789728,NA,NA,NA,1.47749318912183
"TIA[27,10]",-1.415,-2.31461314097019,-2.31461314097019,0.865801052417062,NA,-3.7387291422568,-0.890497139683586,NA,NA,NA,1.25305751626652
"TIA[28,1]",1.773,0.213909670188822,0.213909670188822,0.826095606916945,NA,-1.14489668505719,1.57271602543484,NA,NA,NA,1.76470272170886
"TIA[28,2]",1.829,-0.474764739556575,-0.474764739556575,0.796056472569554,NA,-1.7841611157208,0.83463163660765,NA,NA,NA,2.44885885970596
"TIA[28,3]",1.591,0.776064055438375,0.776064055438375,0.911023198096365,NA,-0.72243575618736,2.27456386706411,NA,NA,NA,1.2176678792537
"TIA[28,4]",2.029,0.644935793649421,0.644935793649421,0.875570513823068,NA,-0.795249541664217,2.08512112896306,NA,NA,NA,1.65590488614016
"TIA[28,5]",1.955,1.3510609506572,1.3510609506572,0.948139524441782,NA,-0.208489784976908,2.91061168629131,NA,NA,NA,1.10534408647171
"TIA[28,6]",1.724,0.316691857198045,0.316691857198045,0.840535479123616,NA,-1.06586597421983,1.69924968861592,NA,NA,NA,1.63259207258808
"TIA[28,7]",1.674,0.123452859193019,0.123452859193019,0.855709858189576,NA,-1.28406460466824,1.53097032305427,NA,NA,NA,1.76288578109265
"TIA[28,8]",1.742,0.906270614921821,0.906270614921821,0.870054023479091,NA,-0.524840901241483,2.33738213108512,NA,NA,NA,1.19489887983435
"TIA[28,9]",2.172,0.452949573999302,0.452949573999302,0.793377529896941,NA,-0.852040333593482,1.75793948159209,NA,NA,NA,1.90095964128142
"TIA[28,10]",1.396,-1.26922492467069,-1.26922492467069,0.850344821085032,NA,-2.66791768779181,0.12946783845042,NA,NA,NA,2.80091229273977
"TIA[29,1]",-1.451,-2.38085703045632,-2.38085703045632,0.869385119822555,NA,-3.81086829801409,-0.950845762898546,NA,NA,NA,1.27255593557903
"TIA[29,2]",-1.049,-1.93904262075756,-1.93904262075756,0.830403319650294,NA,-3.30493453291689,-0.573150708598229,NA,NA,NA,1.2159875195393
"TIA[29,3]",-0.738,-2.64425310663159,-2.64425310663159,0.88549589810674,NA,-4.10076424628311,-1.18774196698007,NA,NA,NA,2.10079776939902
"TIA[29,4]",-0.916,-2.58283421163267,-2.58283421163267,0.925149383300942,NA,-4.10456953022715,-1.0610988930382,NA,NA,NA,1.89006730701462
"TIA[29,5]",-0.741,-2.40792453174917,-2.40792453174917,0.900065716171742,NA,-3.88840088948893,-0.927448174009405,NA,NA,NA,1.88880890236447
"TIA[29,6]",-0.66,-0.630265721447769,-0.630265721447769,0.848294955525893,NA,-2.02558675576917,0.765055312873633,NA,NA,NA,0.845310850124446
"TIA[29,7]",-1.289,-2.57908925925129,-2.57908925925129,0.860613292702987,NA,-3.99467215515645,-1.16350636334613,NA,NA,NA,1.56823038362494
"TIA[29,8]",-1.212,-2.85905247825686,-2.85905247825686,0.957408247700547,NA,-4.43384890696036,-1.28425604955336,NA,NA,NA,1.90593222186557
"TIA[29,9]",-1.131,-1.98944429266311,-1.98944429266311,0.896694484256176,NA,-3.46437546735926,-0.514513117966961,NA,NA,NA,1.24606462122465
"TIA[29,10]",-1.187,-1.43545700536706,-1.43545700536706,0.860320052818894,NA,-2.8505575645853,-0.020356446148825,NA,NA,NA,0.903472262854222
"TIA[30,1]",2.923,0.478224015459979,0.478224015459979,0.873931396486285,NA,-0.959265211757252,1.91571324267721,NA,NA,NA,2.6024959955145
"TIA[30,2]",2.798,2.40239181970825,2.40239181970825,1.22043433285136,NA,0.394955980861582,4.40982765855491,NA,NA,NA,1.28861382049109
"TIA[30,3]",2.743,-0.291827786067819,-0.291827786067819,0.808093342371461,NA,-1.62102305118286,1.03736747904722,NA,NA,NA,3.16008155798262
"TIA[30,4]",2.531,1.60452089589107,1.60452089589107,1.06552992081932,NA,-0.148119858993897,3.35716165077604,NA,NA,NA,1.41703427528857
"TIA[30,5]",2.576,2.1599749454742,2.1599749454742,1.23383879630929,NA,0.130490726291423,4.18945916465698,NA,NA,NA,1.29597421674456
"TIA[30,6]",2.78,3.1538799136701,3.1538799136701,1.09011096529501,NA,1.36080693862503,4.94695288871517,NA,NA,NA,1.15323568415947
"TIA[30,7]",2.869,1.16991136952701,1.16991136952701,0.862721289081289,NA,-0.249138871866593,2.58896161092062,NA,NA,NA,1.91609855294099
"TIA[30,8]",2.682,0.1726437328055,0.1726437328055,0.819297679302021,NA,-1.17498102654736,1.52026849215835,NA,NA,NA,2.64827786362514
"TIA[30,9]",2.618,2.75865837632288,2.75865837632288,1.25918587130608,NA,0.687481928899022,4.82983482374673,NA,NA,NA,1.27014316652302
"TIA[30,10]",2.508,1.20468090008335,1.20468090008335,0.908563663494891,NA,-0.289773337132541,2.69913513729924,NA,NA,NA,1.59159848523939
"TIA[31,1]",3.465,2.47041991130386,2.47041991130386,1.05297479889948,NA,0.738430494245558,4.20240932836216,NA,NA,NA,1.46195296094236
"TIA[31,2]",3.283,18.6426434243538,18.6426434243538,1041.37585280665,NA,-1694.26820508435,1731.55349193305,NA,NA,NA,1048.62882565309
"TIA[31,3]",3.733,3.22564174608613,3.22564174608613,1.21220088783624,NA,1.2317487191349,5.21953477303736,NA,NA,NA,1.32285160737775
"TIA[31,4]",3.454,1.07384388270794,1.07384388270794,0.855517668159048,NA,-0.333357456684531,2.48104522210042,NA,NA,NA,2.54012808943183
"TIA[31,5]",3.757,3.37932143762436,3.37932143762436,1.4640142831915,NA,0.971232234008067,5.78741064124065,NA,NA,NA,1.51817313024192
"TIA[31,6]",3.164,NA,NA,NA,NA,NA,NA,NA,NA,NA,NA
"TIA[31,7]",3.431,3.55863085073198,3.55863085073198,1.53070736467367,NA,1.04084129014716,6.07642041131679,NA,NA,NA,1.52638615493017
"TIA[31,8]",3.281,1.34907061220961,1.34907061220961,0.994153917516079,NA,-0.28616706476473,2.98430828918394,NA,NA,NA,2.18095273065983
"TIA[31,9]",3.441,2.4291218587827,2.4291218587827,1.04569298417066,NA,0.709109961091874,4.14913375647352,NA,NA,NA,1.45968004349809
"TIA[31,10]",3.101,1.86205857846008,1.86205857846008,1.0861504341537,NA,0.0755000974274425,3.64861705949272,NA,NA,NA,1.65787695792077
"TIA[32,1]",1.383,-0.205403195067601,-0.205403195067601,0.840347184228164,NA,-1.58765130894375,1.17684491880855,NA,NA,NA,1.78795671094526
"TIA[32,2]",1.357,-0.117508603344515,-0.117508603344515,0.829489802688843,NA,-1.48189791381652,1.24688070712749,NA,NA,NA,1.69710167767013
"TIA[32,3]",1.311,-0.257512742259033,-0.257512742259033,0.899832137336159,NA,-1.73760489700391,1.22257941248584,NA,NA,NA,1.80929967764388
"TIA[32,4]",1.123,-0.524033202082782,-0.524033202082782,0.887932561847285,NA,-1.9845522969256,0.936485892760036,NA,NA,NA,1.88012876193595
"TIA[32,5]",1.31,-0.000699761392605348,-0.000699761392605348,0.818841529020709,NA,-1.34757422030081,1.3461746975156,NA,NA,NA,1.53906191461854
"TIA[32,6]",1.058,0.018221915587698,0.018221915587698,0.850085629063737,NA,-1.38004451459711,1.41648834577251,NA,NA,NA,1.35107891188906
"TIA[32,7]",1.535,-0.12677864020897,-0.12677864020897,0.839364462754295,NA,-1.50741032110455,1.25385304068661,NA,NA,NA,1.85073006596872
"TIA[32,8]",1.042,0.382583080116996,0.382583080116996,0.854738148533414,NA,-1.02333606359198,1.78850222382597,NA,NA,NA,1.06832595994054
"TIA[32,9]",1.345,0.550842538774198,0.550842538774198,0.836845181256088,NA,-0.825645292811741,1.92733037036014,NA,NA,NA,1.15935423177362
"TIA[32,10]",1.155,0.0423691183928694,0.0423691183928694,0.794555363294901,NA,-1.26455815273649,1.34929638952223,NA,NA,NA,1.36961429436819
"TIA[33,1]",1.462,-1.00914218287955,-1.00914218287955,0.823974479936889,NA,-2.36445959471919,0.346175228960097,NA,NA,NA,2.59408678665559
"TIA[33,2]",1.809,0.531568192617151,0.531568192617151,0.856847141302816,NA,-0.877819935497786,1.94095632073209,NA,NA,NA,1.54102377040975
"TIA[33,3]",1.701,0.17927610420309,0.17927610420309,0.815986125388312,NA,-1.16290163368395,1.52145384209013,NA,NA,NA,1.72875670356912
"TIA[33,4]",1.924,0.64943149919885,0.64943149919885,0.814983620981074,NA,-0.691097265677914,1.98996026407561,NA,NA,NA,1.50955774813691
"TIA[33,5]",1.818,-0.581696868860846,-0.581696868860846,0.816167870985361,NA,-1.92417355165238,0.760779813930686,NA,NA,NA,2.53882482207141
"TIA[33,6]",1.354,-0.27502954681743,-0.27502954681743,0.787967567691722,NA,-1.57112085845529,1.02106176482043,NA,NA,NA,1.8135933312864
"TIA[33,7]",1.709,-0.149649599798021,-0.149649599798021,0.808326508171174,NA,-1.4792283885244,1.17992918892835,NA,NA,NA,2.03450000250367
"TIA[33,8]",1.679,1.5590571361059,1.5590571361059,0.937545154423511,NA,0.0169325884216094,3.10118168379019,NA,NA,NA,0.933850602582064
"TIA[33,9]",1.658,-0.812076843331185,-0.812076843331185,0.840547832671375,NA,-2.1946549945269,0.570501307864524,NA,NA,NA,2.60043017932151
"TIA[33,10]",1.595,NA,NA,NA,NA,NA,NA,NA,NA,NA,NA
"TIA[34,1]",-0.332,-3.0658822119156,-3.0658822119156,1.03644809022364,NA,-4.77068761226688,-1.36107681156433,NA,NA,NA,2.91533540680763
"TIA[34,2]",-0.018,-2.16547554064449,-2.16547554064449,0.886964470937971,NA,-3.62440226764391,-0.70654881364508,NA,NA,NA,2.32215465562939
"TIA[34,3]",-0.481,-1.30494391612926,-1.30494391612926,0.804505026182106,NA,-2.62823692634559,0.0183490940870641,NA,NA,NA,1.16445074266151
"TIA[34,4]",-0.306,-0.909526254752495,-0.909526254752495,0.826647419855954,NA,-2.26924026151264,0.450187752007646,NA,NA,NA,1.01367282435774
"TIA[34,5]",-0.136,-1.81934206761591,-1.81934206761591,0.875870050039797,NA,-3.26002009616204,-0.378664039069786,NA,NA,NA,1.89697016262719
"TIA[34,6]",-0.728,-1.40805853392265,-1.40805853392265,0.846949477979088,NA,-2.80116645462121,-0.0149506132240962,NA,NA,NA,1.09046761882397
"TIA[34,7]",-0.279,-0.141643733215671,-0.141643733215671,0.818763329799109,NA,-1.4883895658506,1.20510209941926,NA,NA,NA,0.830522561941415
"TIA[34,8]",-0.441,-1.84445378600233,-1.84445378600233,0.818144437900871,NA,-3.19018163205375,-0.498725939950909,NA,NA,NA,1.63701601701466
"TIA[34,9]",-0.099,-1.04091888701942,-1.04091888701942,0.79525679447609,NA,-2.34899990977122,0.26716213573238,NA,NA,NA,1.22130523897593
"TIA[34,10]",-0.176,0.231740742003789,0.231740742003789,0.895662925988234,NA,-1.24149367033393,1.7049751543415,NA,NA,NA,0.985592182964244
"TIA[35,1]",1.807,-0.260460303130171,-0.260460303130171,0.8084523018721,NA,-1.59024600408176,1.06932539782142,NA,NA,NA,2.22934208469737
"TIA[35,2]",1.93,2.10432347597502,2.10432347597502,0.941897835741124,NA,0.555039404638489,3.65360754731155,NA,NA,NA,0.957342188182566
"TIA[35,3]",1.949,2.03976139168507,2.03976139168507,1.05345545110804,NA,0.30698137209821,3.77254141127193,NA,NA,NA,1.05294150252798
"TIA[35,4]",1.957,0.468814114294143,0.468814114294143,0.899557217901229,NA,-1.01082583822107,1.94845406680935,NA,NA,NA,1.75181925246322
"TIA[35,5]",2.047,2.21259267523922,2.21259267523922,1.0827824424721,NA,0.431574047539615,3.99361130293881,NA,NA,NA,1.10030953448886
"TIA[35,6]",1.896,0.848220876388172,0.848220876388172,0.848162273380413,NA,-0.546881915225007,2.24332366800135,NA,NA,NA,1.35793819990419
"TIA[35,7]",1.799,0.411564792175006,0.411564792175006,0.858630302250637,NA,-1.00075637469239,1.82388595904241,NA,NA,NA,1.64450486893882
"TIA[35,8]",2.094,0.793970824481089,0.793970824481089,0.859042161124417,NA,-0.61902778994864,2.20696943891082,NA,NA,NA,1.54321141203614
"TIA[35,9]",2.114,0.550384290635653,0.550384290635653,0.839470026418294,NA,-0.830421027035526,1.93118960830683,NA,NA,NA,1.77302929925786
"TIA[35,10]",1.615,0.437535469575328,0.437535469575328,0.845330964613721,NA,-0.952910233543937,1.82798117269459,NA,NA,NA,1.44567903978601
"TIA[36,1]",0.41,-1.28371935719881,-1.28371935719881,0.811211890011467,NA,-2.61804417671033,0.0506054623127135,NA,NA,NA,1.87511182884307
"TIA[36,2]",0.36,-0.372703635057948,-0.372703635057948,0.885494016232176,NA,-1.82921167930127,1.08380440918537,NA,NA,NA,1.14320132636974
"TIA[36,3]",0.314,-0.292351015058739,-0.292351015058739,0.792878669708658,NA,-1.59652037066148,1.011818340544,NA,NA,NA,0.997303647890789
"TIA[36,4]",0.217,0.542301312674753,0.542301312674753,0.853243782201097,NA,-0.861159817152514,1.94576244250202,NA,NA,NA,0.919697436145347
"TIA[36,5]",-0.048,-1.5138420762637,-1.5138420762637,0.860250104417719,NA,-2.92882758060056,-0.0988565719268293,NA,NA,NA,1.70474421079885
"TIA[36,6]",0.201,-1.31955219399599,-1.31955219399599,0.840328172566687,NA,-2.70176903647181,0.0626646484798241,NA,NA,NA,1.72807608913126
"TIA[36,7]",0.203,-1.16197447136598,-1.16197447136598,0.797274184211483,NA,-2.47337380494101,0.149424862209053,NA,NA,NA,1.57824925689564
"TIA[36,8]",0.286,-1.39949048513342,-1.39949048513342,0.837419768991251,NA,-2.77692342943954,-0.022057540827298,NA,NA,NA,1.88293742236837
"TIA[36,9]",0.093,-1.82756806611684,-1.82756806611684,0.854376238565972,NA,-3.23289192090324,-0.422244211330444,NA,NA,NA,2.12176744991237
"TIA[36,10]",0.043,-1.22901023682157,-1.22901023682157,0.822943704971867,NA,-2.58263217472143,0.124611701078283,NA,NA,NA,1.52470032983433
"TIA[37,1]",0.456,-1.17493398807106,-1.17493398807106,0.811201208525712,NA,-2.50924123810199,0.159373261959875,NA,NA,NA,1.81867450795637
"TIA[37,2]",0.354,-0.425461426586282,-0.425461426586282,0.850674082532068,NA,-1.82469577659277,0.973772923420205,NA,NA,NA,1.15446390694819
"TIA[37,3]",0.167,-0.903109924439249,-0.903109924439249,0.841917546836914,NA,-2.28794105494803,0.481721206069535,NA,NA,NA,1.36858150549994
"TIA[37,4]",0.889,-0.18779030972539,-0.18779030972539,0.847924119717896,NA,-1.58250137342301,1.20692075397223,NA,NA,NA,1.36591592080693
"TIA[37,5]",0.191,-0.776069422863306,-0.776069422863306,0.861309157117102,NA,-2.19279691387389,0.640658068147275,NA,NA,NA,1.30742575776936
"TIA[37,6]",0.678,-0.780925025760316,-0.780925025760316,0.788870457808851,NA,-2.07850145948207,0.51665140796144,NA,NA,NA,1.65026094584799
"TIA[37,7]",0.685,-0.705284658172785,-0.705284658172785,0.829841788430744,NA,-2.07025293366899,0.65968361732342,NA,NA,NA,1.62881661409494
"TIA[37,8]",0.02,-0.136039040769788,-0.136039040769788,0.837280650629341,NA,-1.51324315573375,1.24116507419417,NA,NA,NA,0.853722173819276
"TIA[37,9]",0.291,-1.43540518231122,-1.43540518231122,0.808919388996923,NA,-2.76595917321418,-0.104851191408263,NA,NA,NA,1.90194289480994
"TIA[37,10]",0.026,-0.876807706807665,-0.876807706807665,0.806156767663466,NA,-2.20281758999039,0.449202176375063,NA,NA,NA,1.22160632028096
"TIA[38,1]",1.861,0.511451269167329,0.511451269167329,0.898793114293483,NA,-0.966931844757316,1.98983438309197,NA,NA,NA,1.63153920067493
"TIA[38,2]",2.012,0.102880905827267,0.102880905827267,0.850668590515943,NA,-1.29634441061658,1.50210622227111,NA,NA,NA,2.09830257783574
"TIA[38,3]",1.834,0.783345875691051,0.783345875691051,0.848866565978468,NA,-0.612915374156473,2.17960712553857,NA,NA,NA,1.36170441997022
"TIA[38,4]",2.271,1.76807749862057,1.76807749862057,1.0630269572645,NA,0.0195537524168699,3.51660124482428,NA,NA,NA,1.16986055809644
"TIA[38,5]",2.188,0.822835509062817,0.822835509062817,1.01330111225012,NA,-0.843896500615752,2.48956751874139,NA,NA,NA,1.70842662415072
"TIA[38,6]",2.041,-0.279847518367561,-0.279847518367561,0.84071022234135,NA,-1.66269277680091,1.10299774006579,NA,NA,NA,2.48169404502482
"TIA[38,7]",2.234,0.575233343803763,0.575233343803763,0.885969658470797,NA,-0.882057062300884,2.03252374990841,NA,NA,NA,1.8793382879814
"TIA[38,8]",1.949,-0.622825234618225,-0.622825234618225,0.820864338025217,NA,-1.97302691825412,0.727376449017672,NA,NA,NA,2.70089717732839
"TIA[38,9]",2.276,0.406124503491265,0.406124503491265,0.835673032323841,NA,-0.96843531467214,1.78068432165467,NA,NA,NA,2.04846953142204
"TIA[38,10]",2.118,0.643405222557898,0.643405222557898,0.854283281281348,NA,-0.761765731101732,2.04857617621753,NA,NA,NA,1.71665573703057
"TIA[39,1]",2.489,1.55879392307531,1.55879392307531,0.859379664149842,NA,0.145240165570105,2.97234768058052,NA,NA,NA,1.26703711984112
"TIA[39,2]",2.628,1.42064453141915,1.42064453141915,0.945157007355854,NA,-0.13400040016873,2.97528946300702,NA,NA,NA,1.52476500018484
"TIA[39,3]",2.553,0.965951220100983,0.965951220100983,0.927934466450171,NA,-0.56036515261286,2.49226759281482,NA,NA,NA,1.84539450033278
"TIA[39,4]",1.943,0.0144307650053153,0.0144307650053153,0.846145606564445,NA,-1.37735490488127,1.4062164348919,NA,NA,NA,2.1169089875092
"TIA[39,5]",2.58,0.832279020002241,0.832279020002241,0.848522112715613,NA,-0.563415654646562,2.22797369465104,NA,NA,NA,1.93112961321623
"TIA[39,6]",2.428,-0.339789540751457,-0.339789540751457,0.850092653376361,NA,-1.73806752490237,1.05848844339945,NA,NA,NA,2.90533922567103
"TIA[39,7]",2.541,NA,NA,NA,NA,NA,NA,NA,NA,NA,NA
"TIA[39,8]",2.464,1.23348426999223,1.23348426999223,0.850972386821916,NA,-0.166240746907349,2.63320928689181,NA,NA,NA,1.50419768172525
"TIA[39,9]",2.345,0.601757541775612,0.601757541775612,0.856423912247054,NA,-0.806934436491925,2.01044952004315,NA,NA,NA,1.95221335085627
"TIA[39,10]",2.522,1.16089828713474,1.16089828713474,0.879884077481667,NA,-0.286382229007827,2.60817880327731,NA,NA,NA,1.62117656682048
"TIA[40,1]",0.709,-0.649615846483013,-0.649615846483013,0.815125813014018,NA,-1.99037849644089,0.691146803474862,NA,NA,NA,1.59341737149878
"TIA[40,2]",0.983,-0.109142074369911,-0.109142074369911,0.813100995166982,NA,-1.44657419534817,1.22829004660835,NA,NA,NA,1.35089455488476
"TIA[40,3]",0.713,-0.688992660867049,-0.688992660867049,0.850969117855074,NA,-2.08871230079466,0.710726979060563,NA,NA,NA,1.63735854513953
"TIA[40,4]",0.772,-1.1410798530772,-1.1410798530772,0.818159922027469,NA,-2.48683316825042,0.204673462096016,NA,NA,NA,2.09196882041507
"TIA[40,5]",0.695,-0.773673271005663,-0.773673271005663,0.824682305209676,NA,-2.1301549518125,0.582808409801173,NA,NA,NA,1.67957357421246
"TIA[40,6]",0.958,0.0166470965414325,0.0166470965414325,0.8018252043394,NA,-1.30223799899733,1.3355321920802,NA,NA,NA,1.23965719242301
"TIA[40,7]",0.882,-0.280199742215749,-0.280199742215749,0.79078528698028,NA,-1.58092578964512,1.02052630521363,NA,NA,NA,1.40678809513415
"TIA[40,8]",0.6,0.505867028716337,0.505867028716337,0.854981701172825,NA,-0.900452723434923,1.9121867808676,NA,NA,NA,0.856134478977571
"TIA[40,9]",1.101,-0.833969998952792,-0.833969998952792,0.802426704146658,NA,-2.15384447363114,0.485904475725554,NA,NA,NA,2.08515434558724
"TIA[40,10]",0.78,-0.467032622888441,-0.467032622888441,0.822316024170816,NA,-1.81962211774612,0.88555687196924,NA,NA,NA,1.51114305517617
"TIA[41,1]",-1.577,-3.03876160303956,-3.03876160303956,0.953339292003937,NA,-4.60686519520759,-1.47065801087154,NA,NA,NA,1.75680295669778
"TIA[41,2]",-2.113,-2.13525822356092,-2.13525822356092,0.871548443143343,NA,-3.56882784132916,-0.701688605792684,NA,NA,NA,0.874747645457179
"TIA[41,3]",-2.271,-2.32366181408885,-2.32366181408885,0.899860092635613,NA,-3.80379995120943,-0.843523676968276,NA,NA,NA,0.902567299290335
"TIA[41,4]",-2.324,-2.94796074623333,-2.94796074623333,0.948249522201403,NA,-4.50769241208131,-1.38822908038536,NA,NA,NA,1.13079068677434
"TIA[41,5]",-1.895,-3.52310350333166,-3.52310350333166,1.22334534189655,NA,-5.53532752596438,-1.51087948069893,NA,NA,NA,2.0414161181711
"TIA[41,6]",-1.948,-2.93800298672144,-2.93800298672144,0.91349777193416,NA,-4.44057311009943,-1.43543286334345,NA,NA,NA,1.33647594179961
"TIA[41,7]",-2.216,-1.86917855890442,-1.86917855890442,0.959654074285903,NA,-3.44766904361235,-0.290688074196501,NA,NA,NA,1.01331225054369
"TIA[41,8]",-1.928,-20.080052612146,-20.080052612146,1101.44200876385,NA,-1831.79093560408,1791.63083037979,NA,NA,NA,1103.92074639824
"TIA[41,9]",-1.977,-2.41972551043887,-2.41972551043887,0.857564497929487,NA,-3.830293585203,-1.00915743567473,NA,NA,NA,0.978763404548016
"TIA[41,10]",-1.905,-3.08460169829536,-3.08460169829536,0.926348009484154,NA,-4.60830858151465,-1.56089481507608,NA,NA,NA,1.50892939368958
"TIA[42,1]",-0.513,-1.71553596921177,-1.71553596921177,0.820801059878883,NA,-3.06563356955917,-0.365438368864381,NA,NA,NA,1.44472064727951
"TIA[42,2]",-0.76,-1.49426677560087,-1.49426677560087,0.82422441921659,NA,-2.84999530097125,-0.138538250230488,NA,NA,NA,1.10294020458943
"TIA[42,3]",-0.657,-1.65516182306047,-1.65516182306047,0.864947844140881,NA,-3.07787442161945,-0.232449224501483,NA,NA,NA,1.32071061918906
"TIA[42,4]",-0.845,-2.52962739486322,-2.52962739486322,0.90361264598435,NA,-4.0159379329698,-1.04331685675665,NA,NA,NA,1.91306487298581
"TIA[42,5]",-0.711,-1.43718279110483,-1.43718279110483,0.812632195370217,NA,-2.77384380503707,-0.100521777172588,NA,NA,NA,1.08198793214589
"TIA[42,6]",-1.028,-4.87626931203413,-4.87626931203413,1.43749118096659,NA,-7.24073189475778,-2.51180672931048,NA,NA,NA,4.11700293618017
"TIA[42,7]",-1.034,-1.93105085399701,-1.93105085399701,0.88145197450958,NA,-3.38091033125263,-0.481191376741395,NA,NA,NA,1.25496800153444
"TIA[42,8]",-0.919,-1.90849148570671,-1.90849148570671,0.842228510762635,NA,-3.29383410635657,-0.523148865056853,NA,NA,NA,1.29964320011798
"TIA[42,9]",-0.798,-1.97952470244583,-1.97952470244583,0.864041963182008,NA,-3.40074725942403,-0.558302145467637,NA,NA,NA,1.46380266845304
"TIA[42,10]",-0.948,-1.77842828773525,-1.77842828773525,0.845240420417278,NA,-3.1687250589046,-0.388131516565909,NA,NA,NA,1.20105244046143
"TIA[43,1]",1.926,1.24970801437747,1.24970801437747,0.924448519986026,NA,-0.270874486651469,2.7702905154064,NA,NA,NA,1.14721604578966
"TIA[43,2]",2.081,0.604380315756313,0.604380315756313,0.889828148685468,NA,-0.859256741972493,2.06801737348512,NA,NA,NA,1.71563771650523
"TIA[43,3]",1.765,-0.663396587079876,-0.663396587079876,0.829326832836962,NA,-2.02751783599993,0.700724661840177,NA,NA,NA,2.56143712501429
"TIA[43,4]",1.993,0.230530741338125,0.230530741338125,0.845054727880961,NA,-1.15946059278936,1.62052207546561,NA,NA,NA,1.94191118473526
"TIA[43,5]",1.857,0.643069739424517,0.643069739424517,0.879201712729631,NA,-0.803088386580764,2.0892278654298,NA,NA,NA,1.49142641962961
"TIA[43,6]",1.489,0.231460091446481,0.231460091446481,0.822170578572742,NA,-1.12089016669168,1.58381034958465,NA,NA,NA,1.504843526894
"TIA[43,7]",1.799,0.729498047667354,0.729498047667354,0.846055157204247,NA,-0.662138846261049,2.12113494159576,NA,NA,NA,1.36715174894748
"TIA[43,8]",1.631,0.0959806769481585,0.0959806769481585,0.899750175281972,NA,-1.38397666221462,1.57593801611093,NA,NA,NA,1.78120160320089
"TIA[43,9]",1.783,0.733829663603283,0.733829663603283,0.932834845535341,NA,-0.800547115422239,2.2682064426288,NA,NA,NA,1.39627863944555
"TIA[43,10]",2.455,2.49864668340111,2.49864668340111,1.07904264908342,NA,0.723779468420923,4.2735138983813,NA,NA,NA,1.07811174914029
"TIA[44,1]",0.441,-1.24533020112927,-1.24533020112927,0.833204236928172,NA,-2.6158292122319,0.125168809973371,NA,NA,NA,1.89109045487733
"TIA[44,2]",0.478,-0.606239448867141,-0.606239448867141,0.823279218701889,NA,-1.96041325774272,0.747934360008436,NA,NA,NA,1.36402575938251
"TIA[44,3]",-0.161,-0.966327989946494,-0.966327989946494,0.822039789080519,NA,-2.31846311851401,0.38580713862102,NA,NA,NA,1.16026774082527
"TIA[44,4]",0.642,-0.379140109607049,-0.379140109607049,0.767211608680067,NA,-1.64109090678373,0.882810687569632,NA,NA,NA,1.25586434491923
"TIA[44,5]",-0.122,-1.62220803111961,-1.62220803111961,0.837528181734633,NA,-2.99981929851989,-0.244596763719322,NA,NA,NA,1.71944404414281
"TIA[44,6]",0.00999999999999995,-1.21181062577524,-1.21181062577524,0.820557280609267,NA,-2.56150724490683,0.137885993356347,NA,NA,NA,1.47590179940468
"TIA[44,7]",0.423,-0.380687501210092,-0.380687501210092,0.808742845213693,NA,-1.71095110343089,0.949576101010703,NA,NA,NA,1.13059665111209
"TIA[44,8]",0.337,-0.594167895468309,-0.594167895468309,0.820899988499386,NA,-1.94442821891595,0.756092427979327,NA,NA,NA,1.24072136994614
"TIA[44,9]",0.322,0.0193680888870347,0.0193680888870347,0.826888487532277,NA,-1.34074243891485,1.37947861668892,NA,NA,NA,0.874010676062408
"TIA[44,10]",0.044,-1.8193418439436,-1.8193418439436,0.907953745496656,NA,-3.31279285532795,-0.325890832559253,NA,NA,NA,2.07350966045587
"TIA[45,1]",3.888,1.85763800501236,1.85763800501236,0.96601348134064,NA,0.268687226545191,3.44658878347953,NA,NA,NA,2.25798180863047
"TIA[45,2]",3.83,1.20099409446512,1.20099409446512,0.881972641151821,NA,-0.249721803205424,2.65170999213566,NA,NA,NA,2.78102893610026
"TIA[45,3]",3.969,17.3589133566241,17.3589133566241,1080.69782442592,NA,-1760.23082278891,1794.94864950216,NA,NA,NA,1078.52016723581
"TIA[45,4]",3.98,2.9296184587933,2.9296184587933,1.47010370125061,NA,0.511513053796447,5.34772386379015,NA,NA,NA,1.79257207237162
"TIA[45,5]",3.362,0.554353183587053,0.554353183587053,0.844818382880129,NA,-0.835249397608605,1.94395576478271,NA,NA,NA,2.93274079176181
"TIA[45,6]",3.723,1.08903140608704,1.08903140608704,0.904258205914778,NA,-0.398340983612512,2.57640379578659,NA,NA,NA,2.78285280355647
"TIA[45,7]",3.876,NA,NA,NA,NA,NA,NA,NA,NA,NA,NA
"TIA[45,8]",3.629,3.55872895899199,3.55872895899199,1.39122170905954,NA,1.27037288495178,5.84708503303219,NA,NA,NA,1.40374695298171
"TIA[45,9]",3.51,3.24714341242695,3.24714341242695,1.36541393453884,NA,1.00123734991066,5.49304947494324,NA,NA,NA,1.38666664101915
"TIA[45,10]",3.761,17.5265839588891,17.5265839588891,1153.03189166708,NA,-1879.04210504042,1914.0952729582,NA,NA,NA,1171.64109651723
"TIA[46,1]",0.011,-1.64662378793654,-1.64662378793654,0.831109861199718,NA,-3.01367785752603,-0.279569718347046,NA,NA,NA,1.85594141240837
"TIA[46,2]",-0.102,-0.893488887472689,-0.893488887472689,0.79316176402092,NA,-2.19812389178173,0.411146116836348,NA,NA,NA,1.10785313058473
"TIA[46,3]",0.321,-0.138539743986827,-0.138539743986827,0.839766684376192,NA,-1.51983302057602,1.24275353260236,NA,NA,NA,0.948484886650858
"TIA[46,4]",-0.044,-1.58539568018797,-1.58539568018797,0.840879639256776,NA,-2.96851960464913,-0.202271755726821,NA,NA,NA,1.76237486050981
"TIA[46,5]",0.303,-0.867319585264225,-0.867319585264225,0.799662510227496,NA,-2.18264736554904,0.44800819502059,NA,NA,NA,1.42579385065172
"TIA[46,6]",0.133,-1.56994048851036,-1.56994048851036,0.858566875784206,NA,-2.98215732812441,-0.157723648896317,NA,NA,NA,1.90907248560611
"TIA[46,7]",0.211,-0.730779362470073,-0.730779362470073,0.817960257295731,NA,-2.07620425838512,0.614645533444969,NA,NA,NA,1.24452534577369
"TIA[46,8]",-0.081,-1.48233258095077,-1.48233258095077,0.855778468023965,NA,-2.88996289794697,-0.0747022639545787,NA,NA,NA,1.6380524565953
"TIA[46,9]",0.106,-1.13284832592784,-1.13284832592784,0.827054400856217,NA,-2.49323175686237,0.22753510500668,NA,NA,NA,1.50209656934406
"TIA[46,10]",0.171,-1.21036095875951,-1.21036095875951,0.804003179639611,NA,-2.53282850487024,0.112106587351223,NA,NA,NA,1.57269841390409
"TIA[47,1]",-0.211,-2.57867842142968,-2.57867842142968,0.9756752820636,NA,-4.18352144785889,-0.973835395000467,NA,NA,NA,2.5811702169338
"TIA[47,2]",-0.049,-0.653098790764518,-0.653098790764518,0.831957480085965,NA,-2.02154706935332,0.715349487824288,NA,NA,NA,1.03445592779012
"TIA[47,3]",-0.258,-0.938732261018102,-0.938732261018102,0.873654641504161,NA,-2.37576626679921,0.498301744763004,NA,NA,NA,1.09773484450585
"TIA[47,4]",-0.354,-0.458375148979961,-0.458375148979961,0.799808885478971,NA,-1.77394369512806,0.857193397168138,NA,NA,NA,0.800161795432232
"TIA[47,5]",0.3,0.163755915956388,0.163755915956388,0.817361422888275,NA,-1.18068398501161,1.50819581692438,NA,NA,NA,0.82711555182033
"TIA[47,6]",0.363,-0.672906975937844,-0.672906975937844,0.830183949343002,NA,-2.03843805605158,0.692624104175889,NA,NA,NA,1.31453335700358
"TIA[47,7]",0.297,-1.49755161574988,-1.49755161574988,0.846793644533088,NA,-2.89040321323958,-0.104700018260173,NA,NA,NA,1.98635519342393
"TIA[47,8]",0.329,-1.54349954386455,-1.54349954386455,0.819396838508867,NA,-2.89128740559843,-0.195711682130674,NA,NA,NA,2.05359976889427
"TIA[47,9]",-0.148,-1.16678836891527,-1.16678836891527,0.836877960666624,NA,-2.54333011783352,0.209753380002972,NA,NA,NA,1.3061782271241
"TIA[47,10]",-0.369,-1.28820786599742,-1.28820786599742,0.872241769498996,NA,-2.72291790413641,0.146502172141576,NA,NA,NA,1.2715000796498
"TIA[48,1]",-0.674,-1.1264901659637,-1.1264901659637,0.811506693034285,NA,-2.46129989329654,0.208319561369138,NA,NA,NA,0.92643959198931
"TIA[48,2]",-0.097,-1.46228469400527,-1.46228469400527,0.834565537266197,NA,-2.83502284490628,-0.0895465431042581,NA,NA,NA,1.60120140651947
"TIA[48,3]",-0.26,-1.4220459628296,-1.4220459628296,0.873431160175284,NA,-2.85871237453635,0.014620448877146,NA,NA,NA,1.45660027918773
"TIA[48,4]",-0.256,-0.649964387149937,-0.649964387149937,0.797602308208949,NA,-1.96190343667229,0.661974662372419,NA,NA,NA,0.896298532954218
"TIA[48,5]",-0.601,-2.34087737101091,-2.34087737101091,0.865171099261777,NA,-3.76395719156524,-0.917797550456582,NA,NA,NA,1.9539823482449
"TIA[48,6]",-0.089,-1.38155238377367,-1.38155238377367,0.815791653528964,NA,-2.72341024391752,-0.039694523629811,NA,NA,NA,1.52017661123137
"TIA[48,7]",-0.49,-1.06875793099779,-1.06875793099779,0.845056892530456,NA,-2.45875282565685,0.321236963661274,NA,NA,NA,1.02396629831365
"TIA[48,8]",-0.375,-1.82956552580193,-1.82956552580193,0.855320362435555,NA,-3.2364423261595,-0.422688725444365,NA,NA,NA,1.70768986411715
"TIA[48,9]",-0.232,-2.05322164677223,-2.05322164677223,0.822648958094012,NA,-3.40635876920102,-0.700084524343446,NA,NA,NA,1.99820892590174
"TIA[48,10]",-0.623,-1.72126784781199,-1.72126784781199,0.847626958316605,NA,-3.1154901245009,-0.327045571123075,NA,NA,NA,1.37842134604368
"TIA[49,1]",-0.402,-1.26025604316643,-1.26025604316643,0.804437415045493,NA,-2.58343784295948,0.062925756626611,NA,NA,NA,1.17255529059913
"TIA[49,2]",-0.572,-2.44684784688713,-2.44684784688713,0.937949686177621,NA,-3.98963779009438,-0.904057903679873,NA,NA,NA,2.10027360056927
"TIA[49,3]",-1.061,-1.3510329974633,-1.3510329974633,0.86572046019877,NA,-2.77501643634735,0.0729504414207407,NA,NA,NA,0.910455286428998
"TIA[49,4]",-0.826,-3.63742189959048,-3.63742189959048,1.24651381400109,NA,-5.68775466759529,-1.58708913158567,NA,NA,NA,3.10238956727686
"TIA[49,5]",-0.819,-1.64306532400318,-1.64306532400318,0.836874675000236,NA,-3.01960166848116,-0.266528979525213,NA,NA,NA,1.18582846949314
"TIA[49,6]",-0.615,-2.35904131473531,-2.35904131473531,0.930806929126177,NA,-3.89008246810006,-0.828000161370557,NA,NA,NA,1.96672890016334
"TIA[49,7]",-1.148,-2.26789032118133,-2.26789032118133,0.859487454140454,NA,-3.68162137744354,-0.854159264919114,NA,NA,NA,1.40919930801265
"TIA[49,8]",-0.632,-2.68149289584974,-2.68149289584974,0.902285491962875,NA,-4.16562045985056,-1.19736533184891,NA,NA,NA,2.23246118551348
"TIA[49,9]",-0.531,-2.05198066165459,-2.05198066165459,0.837275777184896,NA,-3.42917676051578,-0.674784562793404,NA,NA,NA,1.74668178403331
"TIA[49,10]",-0.842,-1.26719724406537,-1.26719724406537,0.861232208167446,NA,-2.68379816531702,0.149403677186277,NA,NA,NA,0.941978773839998
"TIA[50,1]",2.545,-0.372035369554135,-0.372035369554135,0.833237385029758,NA,-1.74258890443189,0.998518165323622,NA,NA,NA,3.04070256995081
"TIA[50,2]",2.772,1.0649369144091,1.0649369144091,0.866229117980437,NA,-0.359883192071998,2.48975702089019,NA,NA,NA,1.92462628153968
"TIA[50,3]",2.499,1.26831493860961,1.26831493860961,0.917196841538617,NA,-0.240339612823622,2.77696949004283,NA,NA,NA,1.54520438762008
"TIA[50,4]",2.646,0.141491983814524,0.141491983814524,0.880140763722723,NA,-1.30621074362264,1.58919471125168,NA,NA,NA,2.65725453870916
"TIA[50,5]",2.342,0.783479070230697,0.783479070230697,0.916599720565432,NA,-0.724193304604061,2.29115144506545,NA,NA,NA,1.81976805832659
"TIA[50,6]",2.613,0.499275762241087,0.499275762241087,0.865619150406418,NA,-0.924541036863562,1.92309256134573,NA,NA,NA,2.29563249597678
"TIA[50,7]",2.593,0.706201124120191,0.706201124120191,0.904591764348186,NA,-0.781719920378355,2.19412216861874,NA,NA,NA,2.09511680828267
"TIA[50,8]",2.31,1.64792373617845,1.64792373617845,0.913746101388945,NA,0.144945147196079,3.15090232516082,NA,NA,NA,1.13122660589056
"TIA[50,9]",2.625,1.5375016226039,1.5375016226039,0.977200295921352,NA,-0.0698498284003881,3.14485307360819,NA,NA,NA,1.47208282435603
"TIA[50,10]",2.394,1.19586001855532,1.19586001855532,0.884060966952837,NA,-0.258290869383281,2.65001090649392,NA,NA,NA,1.4920563741803
"TIA[51,1]",1.154,0.84442610272591,0.84442610272591,0.879226427807455,NA,-0.60177267596477,2.29062488141659,NA,NA,NA,0.945467808422485
"TIA[51,2]",1.01,-1.16349201903904,-1.16349201903904,0.859468304285394,NA,-2.5771915765927,0.250207538514622,NA,NA,NA,2.33966499910781
"TIA[51,3]",1.187,-0.0555540366998609,-0.0555540366998609,0.852253809021466,NA,-1.45738680555203,1.3462787321523,NA,NA,NA,1.52189048294393
"TIA[51,4]",1.425,-0.228195016566176,-0.228195016566176,0.820267998729726,NA,-1.57741580934899,1.12102577621664,NA,NA,NA,1.82669452120315
"TIA[51,5]",1.247,1.13847940499554,1.13847940499554,0.902030943286897,NA,-0.345229463692376,2.62218827368345,NA,NA,NA,0.896379964511805
"TIA[51,6]",1.195,-1.25294946539098,-1.25294946539098,0.825215789894038,NA,-2.61030865041582,0.104409719633848,NA,NA,NA,2.58534986080836
"TIA[51,7]",1.019,-1.14074419752024,-1.14074419752024,0.808132371809895,NA,-2.47000366034864,0.188515265308161,NA,NA,NA,2.3090032765808
"TIA[51,8]",1.216,-0.477689396337324,-0.477689396337324,0.83261866837641,NA,-1.84722523288377,0.891846440209118,NA,NA,NA,1.89390714504161
"TIA[51,9]",1.581,0.49362633976249,0.49362633976249,0.902275496419588,NA,-0.99048478303271,1.97773746255769,NA,NA,NA,1.40208344724826
"TIA[51,10]",1.592,-1.17322023677217,-1.17322023677217,0.954565460786902,NA,-2.74334069711011,0.39690022356577,NA,NA,NA,2.91782348099358
"TIA[52,1]",-0.649,NA,NA,NA,NA,NA,NA,NA,NA,NA,NA
"TIA[52,2]",-0.862,-1.95045175513502,-1.95045175513502,0.8563604554943,NA,-3.35903935633263,-0.541864153937405,NA,NA,NA,1.39154963140238
"TIA[52,3]",-0.401,-0.728011554347501,-0.728011554347501,0.84524700955001,NA,-2.11831916367572,0.662296054980718,NA,NA,NA,0.891164325767313
"TIA[52,4]",-0.352,-2.52119512611715,-2.52119512611715,0.880368757602381,NA,-3.96927287011419,-1.07311738212012,NA,NA,NA,2.35426188729549
"TIA[52,5]",-0.595,-0.535734618453186,-0.535734618453186,0.818040393046964,NA,-1.88129132594929,0.80982208904292,NA,NA,NA,0.813957779473895
"TIA[52,6]",-0.521,-1.01463506364879,-1.01463506364879,0.829052293842441,NA,-2.37830473610797,0.349034608810385,NA,NA,NA,0.964697142216353
"TIA[52,7]",-0.649,-2.25869554165028,-2.25869554165028,0.847159015560596,NA,-3.65214812099977,-0.865242962300798,NA,NA,NA,1.79988627375792
"TIA[52,8]",-0.697,-1.59529709942386,-1.59529709942386,0.884472931016712,NA,-3.0501256079471,-0.14046859090062,NA,NA,NA,1.27177575576519
"TIA[52,9]",-0.685,-1.68208629712342,-1.68208629712342,0.879219023169727,NA,-3.12827289626888,-0.235899697977968,NA,NA,NA,1.32290514157325
"TIA[52,10]",-0.459,-0.262800145268861,-0.262800145268861,0.838928246541714,NA,-1.64271431434504,1.11711402380732,NA,NA,NA,0.86331629040213
"TIA[53,1]",-0.047,-1.53326606932352,-1.53326606932352,0.865456875511963,NA,-2.95681594997946,-0.109716188667576,NA,NA,NA,1.72275843137261
"TIA[53,2]",0.039,-0.925492748874803,-0.925492748874803,0.85320436609122,NA,-2.32888904497078,0.477903547221172,NA,NA,NA,1.28118898476617
"TIA[53,3]",0.391,0.122745745790805,0.122745745790805,0.82670538942965,NA,-1.23706361243288,1.48255510401449,NA,NA,NA,0.869192102996126
"TIA[53,4]",0.063,NA,NA,NA,NA,NA,NA,NA,NA,NA,NA
"TIA[53,5]",-0.056,-0.219746701050862,-0.219746701050862,0.851344837113992,NA,-1.62008434416422,1.1805909420625,NA,NA,NA,0.85946405493501
"TIA[53,6]",0.11,-1.00647686390761,-1.00647686390761,0.853402321985633,NA,-2.41019876847449,0.397245040659262,NA,NA,NA,1.40314740592883
"TIA[53,7]",-0.161,-1.69319958843943,-1.69319958843943,0.878497259330344,NA,-3.13819899171587,-0.248200185162982,NA,NA,NA,1.76364537853796
"TIA[53,8]",0.09,-0.573989861701749,-0.573989861701749,0.837330503197366,NA,-1.95127597684304,0.803296253439539,NA,NA,NA,1.06897223444448
"TIA[53,9]",0.262,-1.46223844273099,-1.46223844273099,0.853026998136079,NA,-2.86534299450265,-0.059133890959336,NA,NA,NA,1.90563602531205
"TIA[53,10]",0.188,-0.650897200159652,-0.650897200159652,0.807048810411903,NA,-1.97837436309254,0.676579962773237,NA,NA,NA,1.1490682687339
"TIA[54,1]",0.627,-0.842455902350528,-0.842455902350528,0.813471244519773,NA,-2.1804970293196,0.495585224618547,NA,NA,NA,1.67752272563031
"TIA[54,2]",0.406,-0.344143186303439,-0.344143186303439,0.82065696088558,NA,-1.69400376489906,1.00571739229218,NA,NA,NA,1.10820370876871
"TIA[54,3]",0.339,-1.29659734162534,-1.29659734162534,0.845338770819646,NA,-2.68705588481074,0.0938612015600524,NA,NA,NA,1.85405048101264
"TIA[54,4]",0.88,-0.932282299729973,-0.932282299729973,0.809377704563362,NA,-2.26359015265468,0.399025553194729,NA,NA,NA,1.97800895169143
"TIA[54,5]",0.511,-0.253013742005342,-0.253013742005342,0.837816198447767,NA,-1.63109875474085,1.12507127073016,NA,NA,NA,1.13008270508714
"TIA[54,6]",0.668,-0.825203059741778,-0.825203059741778,0.794918912187192,NA,-2.1327283155852,0.482322196101643,NA,NA,NA,1.66673015897428
"TIA[54,7]",1.102,1.08954151830373,1.08954151830373,0.919727063624896,NA,-0.423274878105109,2.60235791471256,NA,NA,NA,0.925786661388543
"TIA[54,8]",0.548,-0.117789853432329,-0.117789853432329,0.883209143050827,NA,-1.57053961573618,1.33495990887152,NA,NA,NA,1.10460340289704
"TIA[54,9]",0.623,0.353234825500262,0.353234825500262,0.829384888007976,NA,-1.0109819156784,1.71745156667892,NA,NA,NA,0.867839470485758
"TIA[54,10]",0.242,-1.19156425636149,-1.19156425636149,0.831331227673201,NA,-2.55898244139778,0.17585392867479,NA,NA,NA,1.65980440054482
"TI[1]",1.685,0.395494010379373,0.39630004359068,2.89714227334602,2.87494058218086,-4.42892125407903,5.15791620334299,1.00017314014266,7788.41209998728,7551.2013950861,3.17099509146688
"TI[2]",-0.413,-1.7746405305603,-1.77669575538688,2.98584946710436,2.98143580843937,-6.66620917301958,3.18402428169712,0.999726647045455,7843.3004200333,7480.16560060015,3.28150080946842
"TI[3]",-0.519,-2.25489956865692,-2.20118189468339,2.96303059162238,2.91711490075034,-7.17353076106974,2.58373921010819,0.999861701927101,8278.97419709342,7745.0880330648,3.433919066543
"TI[4]",1.003,-0.435378764529203,-0.417000879557377,2.98272662267923,2.98020718168733,-5.3471256973323,4.48552646182363,0.99994752726188,8251.15664099942,7770.43948403916,3.31126554260223
"TI[5]",-3.252,-15.3238455187603,-15.3666334479929,2.97731370280087,2.95714193341129,-20.1340487963462,-10.4168517988862,0.999739365899456,7902.08384027535,7922.83820964587,12.4335330081232
"TI[6]",4.757,7.12943008793271,7.11761869086095,2.99817427212874,2.93943174256441,2.22574457450568,12.0487200379658,0.999882496699877,8301.91883467778,8127.00161699713,3.82313351284811
"TI[7]",0.129,-0.820013674227527,-0.799243806813018,2.96063227069696,2.88064593802705,-5.73618836063449,4.01977218821165,1.00046571381159,8047.16374988371,7638.67606952872,3.10883816372496
"TI[8]",3.545,1.99106676528329,1.97559107399437,2.99459596691063,2.95628578589422,-2.92302243447102,6.85083372728915,1.00059801537208,8190.95984589252,7850.26824376333,3.3736023109384
"TI[9]",1.672,0.11695691956418,0.141755226227125,2.95416621094947,2.94658322349891,-4.73280989333057,4.91733045078863,1.00009664832101,8254.46612806924,7439.33516700832,3.33828789901001
"TI[10]",1.486,-0.244398132843515,-0.254853970910572,2.97891440045727,2.95271968768024,-5.17359834830287,4.65387951310732,1.00026808872257,8231.98889009027,7298.99655832713,3.44486566676037
"TI[11]",1.185,-0.0514154462334418,-0.0787847385149391,3.00767561571641,2.95150655188309,-4.94010946000909,4.91501904779884,1.00001336660674,7702.68643960937,7221.70735575513,3.25172338937117
"TI[12]",0.186,-1.04538763187231,-1.06718350659597,3.01175612127938,3.01307590109357,-5.97562819361977,3.85635477673974,1.00038647439604,7393.08946996242,7552.65659321612,3.25359133875556
"TI[13]",0.668,-0.880443055296457,-0.877437184186009,3.00079839525425,2.94264819169446,-5.82315224371379,3.99968179648056,1.00017059428418,8258.78583368029,7971.60013821135,3.37658722759834
"TI[14]",1.304,0.204451741147572,0.244994477160942,2.98172452902733,2.94611963642781,-4.82809425317695,5.06397562443856,0.999959715519359,7916.78005871026,7351.44389036129,3.17782570406289
"TI[15]",-0.364,-2.14922548663822,-2.13288645948506,2.98627383889688,2.94559258947698,-7.11423485565741,2.69297577335488,0.999877096500323,8312.98577302152,7723.94443775903,3.47904394196056
"TI[16]",-0.511,-1.81783720055008,-1.82440701319158,2.91098815556377,2.86075517800808,-6.59137467091203,2.99589333958095,0.999851504885096,7661.16052423934,7729.26173855153,3.19070780220767
"TI[17]",1.407,-0.422292915044647,-0.466398411140079,2.98173150213495,2.95911671384516,-5.28345725010428,4.49515787568752,1.00012907161501,8236.92413370369,7988.78438365618,3.49798856194709
"TI[18]",1.988,0.837887032499852,0.837999101346324,2.97853966213892,2.93991430333532,-4.01633060646084,5.74078312340105,1.00026539179062,8174.3653779011,7755.05347713024,3.19270252210126
"TI[19]",0.947,-0.360634609274121,-0.381888501875007,2.94513344001591,2.8812584581197,-5.18637376425198,4.4782187890494,1.00064054404446,8451.22209343439,7484.29361958754,3.22220964937091
"TI[20]",0.104,-1.03427510606862,-0.997096284832909,2.98141555208462,2.92574812770872,-6.01565431073977,3.79374205506483,1.00038391937942,7817.06356256081,7713.34675147596,3.19114365180742
"TI[21]",-1.567,-4.0088096333584,-3.98628836672162,2.94827701068805,2.96456940753741,-8.84898222904998,0.794821080991847,0.999977516130153,8179.17339397113,7817.60216313699,3.82801320206019
"TI[22]",-1.35,-2.19593484421901,-2.28540863888246,3.00159463399424,2.96642316588737,-7.0484857567089,2.82680712481269,1.00082379692016,8165.31591901014,7674.04818190259,3.11834089079329
"TI[23]",0.356,-1.03545674440908,-1.05399754108681,2.92865909514568,2.88062405575703,-5.79115353155093,3.85408082465352,1.00003100389644,8467.50344757413,8278.13762351524,3.24224055810625
"TI[24]",0.535,-0.774146146448183,-0.754326040502706,2.92377055748381,2.88438868275717,-5.653060285217,4.03000684745238,0.999967470163113,8070.78395664462,8053.483362678,3.20331536868994
"TI[25]",1.147,-0.269323843622219,-0.288175781528261,2.95037358385974,2.93507627614447,-5.15642693300532,4.55002774540773,1.00066599501665,8022.67060754357,7930.08996732803,3.27255090507614
"TI[26]",-1.03,-2.25495877441236,-2.26483394720394,2.96676298175797,2.96819816557695,-7.1053859860849,2.71240673915773,1.00033143450158,8224.33083203247,7787.24452842527,3.20953366996135
"TI[27]",-1.088,-2.19615454752778,-2.21169059614806,2.95754355021025,2.92660736488267,-7.09703988805116,2.58202090631263,1.00066966214573,7386.39345732753,8041.04432157429,3.15816037743736
"TI[28]",1.914,0.268610066733365,0.262278534849147,2.94963028298343,2.94136330058469,-4.51446661636702,5.15436044622452,1.00056323745153,8270.48527475706,7727.30420336526,3.37735685099121
"TI[29]",-0.947,-1.98229633160161,-1.93793961108506,2.97242266154286,2.87960742414879,-6.95715598508424,2.89820462052539,1.00005584347339,8125.17798949996,7878.7201412086,3.1473847176698
"TI[30]",2.643,1.40681998105081,1.42950290568799,2.9702925203279,2.90544627660842,-3.53786667480411,6.23354471113216,1.00034923296021,7993.74762889653,7141.8175887056,3.21709121192702
"TI[31]",3.423,3.8826263988682,3.88291179455198,2.98768347338116,2.96993815461754,-1.07007387753923,8.79787225799882,1.00025552039528,7817.51108075064,8101.50514177355,3.02264671804105
"TI[32]",1.328,-0.0254742120888225,-0.0252126517389048,2.96300584320316,2.84228161967523,-4.93326271266429,4.86917464905465,1.00043208798183,8393.54211365444,7791.21233948836,3.25732998699735
"TI[33]",1.713,0.0246861761202954,0.0426317178620547,2.95205964263711,2.84788214055491,-4.85825945227413,4.84352159021525,1.0002033926742,8443.73809774694,8046.03215563841,3.40058382775272
"TI[34]",-0.43,-1.28427015107631,-1.29695547328953,2.92687107622016,2.9034504590392,-6.0996078631847,3.53622091884504,1.00047248999216,7998.50502060297,7885.27840177708,3.04881632212356
"TI[35]",1.882,0.877604460274246,0.87771317117184,2.94078925664711,2.90757592759281,-3.99945873056152,5.63030503821801,1.00009627987271,7875.28121381428,7528.4240830277,3.10740580260296
"TI[36]",0.318,-0.930180263548563,-0.90858636792504,2.96748418122714,2.93515866207439,-5.79253907289917,3.93164490669339,1.00006659794127,8090.59789019979,7973.07831333888,3.21913273892981
"TI[37]",0.29,-0.728570433117808,-0.766787637945532,3.00544935175228,2.95777619974836,-5.66985138492375,4.19557839415512,0.999946873412736,8488.17190885855,7835.63779418887,3.1731817537677
"TI[38]",2.113,0.403189453152503,0.376819791629731,2.97960966903882,2.93959979099354,-4.47375625586881,5.34526032135118,1.00033085457059,7949.21780666257,7253.43148131933,3.43517337651509
"TI[39]",2.394,0.740192991479486,0.765216096803939,2.95445332935083,2.89512004173729,-4.17119982363791,5.5805854439336,1.00112882214133,7712.8293371563,7674.39012215656,3.385672901719
"TI[40]",0.955,-0.393403093417004,-0.377197880424615,2.92176645180265,2.91076818199855,-5.28338393545121,4.3592233855451,1.00000368111802,8273.08023349615,7766.18270267044,3.21773880408528
"TI[41]",-2.04,-4.14132143774698,-4.17848360118727,3.00924531978128,2.98661883110692,-9.04204494095842,0.743126939657294,0.999963793229837,8353.0024605465,8179.56801343107,3.67014675928446
"TI[42]",-0.863,-2.01664674865287,-2.03901696569725,2.94655961063651,2.88416081650421,-6.94550171247078,2.82159751369082,1.00047966065836,8127.65928816687,7307.43393336667,3.16417905356498
"TI[43]",1.838,0.573967535362331,0.586352198813779,2.94404244311455,2.90643604623646,-4.29100316258594,5.38595483141762,1.00071552320245,8086.11799715655,7763.73631852877,3.20376037731905
"TI[44]",0.287,-0.80754392935521,-0.825659240226583,3.00351795369704,2.99664116848094,-5.74457408759819,4.17846806322362,1.00016835605871,8662.44775600485,7991.91325705827,3.19656360353686
"TI[45]",3.778,5.06448514904269,5.06025715430324,2.9677946809306,2.92883974562842,0.191350021803884,10.0056708139945,1.00017723598417,7918.05210660674,7299.80114496159,3.2344626031551
"TI[46]",0.077,-1.06243481382628,-1.00618858622019,2.95294958025266,2.85985422968853,-5.99832238581271,3.76929419230197,1.00027156709987,8324.14669701871,7926.50031134731,3.16498545487507
"TI[47]",0.015,-0.970964293417044,-0.965146467146212,2.96058218631099,2.92001171688967,-5.90328291474319,3.92442252015646,1.00025629593608,8348.03917833632,6987.50023442006,3.12026871261676
"TI[48]",-0.331,-1.36446427261991,-1.3843291689696,2.92830691357528,2.93386143021074,-6.12274804371656,3.4651894474957,0.999974114031846,7994.87212805083,7408.14592217873,3.10515022345169
"TI[49]",-0.698,-1.97285699952612,-1.97870838785648,2.99497223807949,2.99389810298602,-6.84870992885561,3.03263962466185,1.00019452844759,7994.25711324262,7730.66243970254,3.25484221488066
"TI[50]",2.541,0.817952819339611,0.789210712526397,2.94841106277,2.90093842017731,-4.03519670564273,5.7540250573886,0.999963154577585,7784.27918534296,7218.79761772095,3.41481079137217
"TI[51]",1.33,-0.306663855547524,-0.276890989464856,2.98160544668772,2.98032012189655,-5.23712397632319,4.59469023531559,1.0000184168419,7849.08982515193,7543.14207599455,3.40110693295486
"TI[52]",-0.542,-1.35541616903173,-1.33921570891502,2.97398254036793,3.01183459343671,-6.26558620941567,3.51951490336461,0.999667609596789,8372.55372643005,7479.64716510682,3.08303623769438
"TI[53]",0.152,-0.898201223257501,-0.853859098244445,2.9753126342002,2.92768296211047,-5.84057873198273,3.96395396190965,0.999886271707428,8156.56868878239,8015.04401670386,3.15504379048912
"TI[54]",0.635,-0.424914358807538,-0.404691020302735,2.97404180162654,2.92457755104142,-5.28001348166794,4.50184766724238,1.00009826310358,8147.07533562011,7098.42663304435,3.15709319948726
"BJ[1]",0.482,0.116076855037291,0.116211892221879,0.143764934310053,0.14169699953478,-0.12136174634796,0.351011277786686,1.00020403150269,8205.20432361946,7233.79400653853,0.393148217358328
"BJ[2]",-0.08,-0.00778546589310032,-0.00934484954358542,0.142291117289596,0.141572210721015,-0.242164087772089,0.225562185923709,1.00036665486706,6833.42808998936,7569.36455755657,0.159559299793339
"BJ[3]",1.444,0.221891407569197,0.220114311141821,0.144889587802814,0.142681319369915,-0.014547759723623,0.462833962815813,1.00006361320403,8224.49927817371,7526.84213992574,1.2306663968041
"BJ[4]",0.386,-0.00274940947074966,-0.00189486486569334,0.142852319521491,0.139572021279736,-0.238623242994964,0.232234807043356,1.00002281861659,7879.98381837958,7675.99687354954,0.414162211830555
"BJ[5]",1.19,0.180310001311932,0.181582668366196,0.144219295548113,0.141859192499966,-0.0584711841467631,0.416698611376277,1.00002005882801,7693.81629945259,7324.86229901714,1.01993651702371
"BJ[6]",-1.212,-0.129267844747899,-0.128130499071541,0.142722777731472,0.141103968725754,-0.363523205158262,0.103217579017875,1.00015656488068,8181.86054456141,7690.90548960029,1.0920971408608
"BJ[7]",-1.921,-0.249520870666685,-0.250157979233905,0.141716961885052,0.139503808135748,-0.479850677117241,-0.0128458169134074,1.00013355574001,8485.90175887453,7770.84581837369,1.67747538480319
"BJ[9]",0.305,0.0434167842078068,0.0450653057471502,0.142285398831374,0.139864225107493,-0.192593931096255,0.277408286264526,1.00030133336822,8144.43811314644,7765.15975542419,0.297772367527526
"BJ[11]",0.002,0.0692033882985484,0.070442092976667,0.143138886427559,0.141170093415621,-0.169119390895977,0.30577501756683,1.00021605240129,8190.51409965866,8117.53636564577,0.158121709812177
"BJ[12]",0.073,-0.0468333713343803,-0.0472057176206206,0.143154504249605,0.143097622787378,-0.280927837943097,0.186663025656526,1.00006393850166,8149.43743808,7549.62994862257,0.186683387907984
"BJ[13]",-5.402,-0.393517514581903,-0.396112279008877,0.142671672307999,0.142563856731002,-0.627146181105289,-0.163784367030592,1.00046218677598,8270.20722443245,7781.60923332623,5.01051389264796
"BJ[14]",-0.533,-0.0155191614873746,-0.0145332518117358,0.141879819701255,0.140080237116398,-0.247885562200909,0.217732342057238,1.0000001246385,8332.57971851705,7945.53303228197,0.53657598271893
"BJ[15]",0.889,0.0950045866009652,0.0942535770953702,0.140217915605269,0.13835346807909,-0.136310907158974,0.322942985045429,1.00011319265685,7983.08997742954,7793.10410349788,0.806279928264625
"BJ[16]",-3.57,-0.301779847920863,-0.301391172998789,0.14089153542513,0.139312044497332,-0.530194841819544,-0.0705546889337819,1.00000195458146,8060.55844866875,7834.52658982612,3.27125524927474
"BJ[17]",-1.293,-0.116859911984448,-0.116506283103036,0.141078539270477,0.13917421259695,-0.350666395896168,0.113846036663945,1.00047327638116,7938.48697160084,7914.86269085729,1.18457003718043
"BJ[18]",0.257,0.0560842352269713,0.0547985073014754,0.14279452620212,0.14087936023199,-0.17935648626607,0.291410759238832,0.999880691231137,8489.42180291793,7580.91453075512,0.246485034967703
"BJ[19]",-1.603,-0.193080898130622,-0.19274466226097,0.143479568602399,0.141472959011386,-0.429259489739762,0.0425066555900991,1.00022164207528,8199.90366151123,7927.27356789459,1.41719994606412
"BJ[20]",-1.467,-0.143215169488573,-0.144339959117376,0.143045264785476,0.142617956593295,-0.378186657875391,0.0883137793345097,1.00080310302071,7980.79505020611,7828.25721655013,1.33149001780946
"BJ[22]",1.422,0.151901556186289,0.150929098686799,0.14171534648983,0.138215363292304,-0.0812147864753504,0.383335040216545,1.00017413877503,8515.92575826194,7635.9116726092,1.27797918058308
"BJ[23]",0.577,0.068112207233789,0.0662888223190754,0.144454474915932,0.141555593690718,-0.170478283553988,0.302686747378573,1.00001566785271,7939.60638604806,7783.34177765924,0.528990805745042
"BJ[24]",-0.367,-0.00156052501333632,-0.00299109046907578,0.142840565930509,0.142297924459808,-0.23584068648022,0.231694913617059,1.00012377609666,8271.982934997,7836.99115053457,0.392360658993058
"BJ[25]",0.156,0.0355011495216844,0.0350945253496383,0.144580489481367,0.144439876109606,-0.19931392748234,0.27609245754041,0.999858756541003,8229.12678219233,7769.73514044379,0.188204351611552
"BJ[26]",0.648,0.138584208496725,0.13862178987919,0.141902036706188,0.141848690517468,-0.0960169971021427,0.368818001357004,0.999989835276359,8379.63112915256,7871.10874754731,0.52880820684892
"BJ[27]",0.251,0.023155899401586,0.0242113560858735,0.143255828253539,0.143484549036971,-0.212954099339791,0.259787576325633,0.999998512403176,8038.46665436344,7936.49521805703,0.269133054876332
"BJ[28]",-1.421,-0.106968002425445,-0.107039472374497,0.141308234526293,0.140179689347853,-0.343216823712837,0.124597473764361,1.00060413392306,8197.98177591663,7770.64076077973,1.32160720783165
"BJ[29]",0.463,0.121713370254379,0.122221521594268,0.143891869594887,0.145112244834434,-0.109432358641057,0.36340216679511,0.999942481368266,7941.36282226973,7935.16961476695,0.370376626786667
"BJ[30]",-1.897,-0.198649301902065,-0.198391045885471,0.143642847112723,0.144214739977673,-0.437791036315342,0.035450361873048,0.999919127812894,8423.49283994953,7656.86486215668,1.70441361825642
"BJ[31]",-0.159,0.0114336586145795,0.0106394277792514,0.141937985951661,0.141952154232229,-0.223599169586571,0.248006428631503,1.0000464847021,8212.04916296385,7808.17885529703,0.221791581323059
"BJ[32]",-0.793,-0.077334139644619,-0.0768181600579591,0.14120260209415,0.140677633416743,-0.308784842991513,0.153760046847277,1.00026538086198,8259.05731379602,7502.23551742244,0.729460969651229
"BJ[33]",0.244,0.0297768312358317,0.0282575459574732,0.143009341937878,0.141535877522077,-0.199840017482212,0.266025613819096,1.00012661088924,7908.29590739335,7531.95636343692,0.257566848522633
"BJ[34]",3.013,0.305411523494451,0.304735963827043,0.144134267909778,0.142064606813023,0.0739202072466504,0.545600572667777,1.00023744701241,7952.92196776185,7533.04375985994,2.71142166555769
"BJ[35]",-1.393,-0.172049518496972,-0.171960164047431,0.143245573971844,0.142444950764265,-0.405736261242761,0.0662593458020639,0.999950497861819,8256.76426880205,7549.55121477678,1.22932371970657
"BJ[36]",-0.583,-0.0775718587325199,-0.0760324839601164,0.141371515110058,0.138235289715987,-0.310040219414155,0.153370867561483,0.999967388477987,8218.56371523504,8142.89010974382,0.524824745063962
"BJ[37]",-0.956,-0.128079242928447,-0.128382988688222,0.142733233165316,0.143070075263426,-0.362240851027078,0.104113782661569,1.00038783249059,8550.59798555553,7828.97539518894,0.84013273310994
"BJ[38]",0.041,0.0575309002199499,0.0566557435242539,0.141995398885182,0.14055051714057,-0.176269545671999,0.293359099351435,1.00042741964553,7352.81280090276,7835.10317943003,0.142945596749186
"BJ[39]",-1.572,-0.101911673969209,-0.103895101645088,0.142698368551051,0.141031898668547,-0.333730037922675,0.132281265231276,1.00018653147497,8431.83859752221,7155.91343862851,1.47699694155611
"BJ[40]",-0.181,0.0343381757613298,0.035139996293352,0.141326449645851,0.139363242477994,-0.19631624574559,0.266993361857843,1.00005226798273,8627.98013321115,7841.04645119406,0.257567852543844
"BJ[41]",-2.401,-0.243269373222563,-0.24387714540819,0.143411254957056,0.142406625084841,-0.47865278746062,-0.00626444124404903,1.00008696955284,8439.2185848806,7831.16598836,2.16249061846132
"BJ[42]",-0.427,0.000437035607900492,0.000376659114353965,0.144300922365036,0.14194991009522,-0.239156926046839,0.235875349470617,1.00048696617815,7955.09361202073,7762.28159816107,0.451134761196857
"BJ[43]",-1.118,-0.133693017677963,-0.133771604493231,0.141490604331049,0.139866585430506,-0.366629735193301,0.100624753553956,0.999989372653031,8273.15720974289,7715.75514046018,0.99442311121222
"BJ[44]",1.537,0.16366067386383,0.163021620336973,0.144504963117962,0.14407945611941,-0.0729126124456,0.398555933125922,1.00090013401425,8343.64777553453,7622.49452166451,1.38091997554794
"BJ[45]",1.708,0.193154765308465,0.193489610996879,0.141780938293131,0.140226934326534,-0.040892223954943,0.427410528508963,0.999991281996734,8066.10724041719,7021.99530429892,1.52146488845508
"BJ[46]",0.901,0.034553832546814,0.0338107073437853,0.141199531969306,0.137374385650128,-0.199328741048723,0.263950659704225,1.0000373374197,8572.29714626625,7545.76052153158,0.877874579173578
"BJ[47]",0.477,0.0803502146787255,0.0805141929428366,0.144137644229943,0.142370493393302,-0.157516947699752,0.317221404648705,1.00011892403214,7864.70525818619,7604.50263105239,0.422023833120844
"BJ[48]",-0.437,-0.03660412392738,-0.0357601997315612,0.140340155554108,0.137830668753887,-0.268922422804829,0.195143556703118,1.00006866421897,7316.44339360119,7600.30177739387,0.424275564836115
"BJ[49]",0.696,0.0740138817795454,0.0746129281380423,0.145017383475003,0.146064796143826,-0.16395368740929,0.313138825965315,0.999924335615984,7899.55244965105,7708.3271684941,0.638665909544025
"BJ[50]",1.567,0.166634722624481,0.166401906860456,0.141773558106094,0.14049542697212,-0.063762313955554,0.402502524447686,1.0002373249458,7670.21623181493,7848.07428516758,1.40752269587007
"BJ[51]",0.008,0.017642478966646,0.01696190434221,0.141346712858431,0.139319332691641,-0.209263806252585,0.254558210296711,1.00043595417417,7592.29594974105,7443.51315531181,0.141666415479645
"BJ[52]",-0.389,-0.0556089741833986,-0.057581085371434,0.141261239766843,0.137736309523189,-0.288799469465182,0.175991590612691,0.99997669867401,8091.10072177888,7849.15493502083,0.362079852537087
"BJ[53]",0.827,0.128740876686364,0.127799263031722,0.142373363928834,0.138929806854864,-0.10857403999567,0.368772690789443,1.00017952982779,8162.21661445275,7471.08044054983,0.712624336011124
"BJ[54]",-0.377,-0.0159665112236625,-0.0167374623080794,0.141720609171951,0.139348776482673,-0.245029716667581,0.213207765021141,1.00068823133125,8314.36357092427,7957.23938138794,0.387849713794789
"BJ[55]",-0.892,-0.0428268002157616,-0.04291240657431,0.144790168527464,0.142121512188262,-0.278653511791329,0.200248278169802,1.0002104694222,8039.71720064257,8011.34545698936,0.861427127277694
"BJ[56]",0.165,0.0425155199459322,0.0410000110675177,0.144341548951942,0.144874310113037,-0.195684996435571,0.277337050840187,1.00000045635018,7949.78758520482,7443.05755516335,0.18929956761075
"BJ[57]",0.374,0.0546126112490154,0.0573090518018802,0.143632004360503,0.141504270476644,-0.183846318971577,0.288924510914707,1.00005396052972,8197.48101817033,7450.98990580702,0.350194057631913
"BJ[58]",0.043,0.0299565057042593,0.028851233343745,0.141903213075267,0.140600869179303,-0.202359952992021,0.264249976792379,1.00071061900789,8012.58108408786,7889.13770971509,0.142492587734564
"BJ[59]",0.388,0.0344387943337459,0.0361544440894911,0.142169219585898,0.140365595968334,-0.198768779087439,0.272191324226141,0.999882170127435,7997.45162225642,7480.40968077682,0.381070973230662
"BJ[60]",-1.594,-0.186310600337781,-0.184365111144808,0.142806632077988,0.140347577811167,-0.423808275867559,0.04970240684766,1.00030784445722,8528.59527869683,7813.92311174982,1.41491364784925
